tweet_id	created_at	screen_name	searched_location	population	cleaned_location	user_location	place	latitude	longitude	tweet	hashtags	fav_count	retweet_count
8.42857726548e+17	Fri Mar 17 21:58:36 +0000 2017	dpems500	santo domingo,dominican republic	2989000.0	santo domingo,dominican republic		Hig√ºey, Dominican Republic, Dominican Republic	18.67684312	-68.41145240000002	New friends from Canada, Boston, Mississippi and Connecticut.  Amazing experience.? https://t.co/B6n5wREXXq	[]	1.0	0.0
8.46816697361322e+17	Tue Mar 28 20:10:08 +0000 2017	ratitinho	izmir,turkey	2330000.0	,greece	Attiki, Hellas	Greece Greece			@Mark0Connell mtm shld move further south-&gt;#BaieVerte N. #Newfoundland #Atlantic #Canada  conditions today 28Mar17‚Ä¶ https://t.co/GzaapXadHT	[BaieVerte,Newfoundland,Atlantic,Canada]	0.0	0.0
8.468123496506204e+17	Tue Mar 28 19:52:51 +0000 2017	ratitinho	izmir,turkey	2330000.0	,greece	Attiki, Hellas	Greece Greece			@CNN mtm-&gt;#BaieVerte N. #Newfoundland #Atlantic #Canada conditions today 28Mar17 worse since 1946 as was advised by‚Ä¶ https://t.co/aShlJdGoiP	[BaieVerte,Newfoundland,Atlantic,Canada]	1.0	0.0
8.4677949158212e+17	Tue Mar 28 17:42:17 +0000 2017	ratitinho	izmir,turkey	2330000.0	,greece	Attiki, Hellas	Greece Greece			@hockeyschtick1 mtm-&gt;#BaieVerte N. #Newfoundland #Atlantic #Canada  conditions today 28Mar17 worse since 1946 https://t.co/qJ1iRlFRoi	[BaieVerte,Newfoundland,Atlantic,Canada]	0.0	0.0
8.467685631553372e+17	Tue Mar 28 16:58:52 +0000 2017	ratitinho	izmir,turkey	2330000.0	,greece	Attiki, Hellas	Greece Greece			@sjc_pbs @ClimateRealists mtm further south-&gt;#BaieVerte N. #Newfoundland #Atlantic #Canada  conditions today 28Mar1‚Ä¶ https://t.co/xuap3LgpQ4	[BaieVerte,Newfoundland,Atlantic,Canada]	1.0	0.0
8.467657417896264e+17	Tue Mar 28 16:47:39 +0000 2017	ratitinho	izmir,turkey	2330000.0	,greece	Attiki, Hellas	Greece Greece			@ScotClimate @ClimateRealists mtm further south-&gt;#BaieVerte N. #Newfoundland #Atlantic #Canada  conditions today 28‚Ä¶ https://t.co/dSOGGmXoVB	[BaieVerte,Newfoundland,Atlantic,Canada]	0.0	0.0
8.467287477809193e+17	Tue Mar 28 14:20:39 +0000 2017	ratitinho	izmir,turkey	2330000.0	,greece	Attiki, Hellas	Greece Greece			#BaieVerte N. #Newfoundland #Atlantic #Canada #IceBreaker #Polar #Shipping conditions today 28Mar17 worst since 1946 https://t.co/rtV7HIVEoS	[BaieVerte,Newfoundland,Atlantic,Canada,IceBreaker,Polar,Shipping]	0.0	0.0
8.472284632536596e+17	Wed Mar 29 23:26:21 +0000 2017	AdamJosephSport	melbourne,australia	3635000.0	,australia	a.a.joseph.270489@gmail.com	Geelong, Victoria Australia			I don't remember people kicking up this much fuss when it took a decade for Vince Carter to get a tribute video in Toronto.	[]	6.0	0.0
8.471824270679654e+17	Wed Mar 29 20:23:25 +0000 2017	NishasKhan	basrah,iraq	1760000.0		Kuwait 	The Capital, Kuwait Kuwait			@JustinTrudeau  wot all good things u do..i wish ur d president of united states..u will rule d world..mark my words...MR prime minister.üòçüòçüòç	[]	0.0	0.0
8.470559037319741e+17	Wed Mar 29 12:00:39 +0000 2017	feressiadis	athens,greece	757000.0	,greece	ŒïŒªŒªŒ¨œÇ	Greece Greece			could Europe evolve to the state of Canada and progress it to Scandinavia's? #brexit	[brexit]	0.0	0.0
8.470417908384973e+17	Wed Mar 29 11:04:34 +0000 2017	teacherdude	athens,greece	757000.0	,greece	Thessaloniki, Greece	Greece Greece			Massive US and Canadian agricultural production in late C19th did away with idea of self-sufficiency in basics in UK and much or Europe	[]	0.0	0.0
8.460164875424563e+17	Sun Mar 26 15:10:23 +0000 2017	travelsworld1	rabat,morocco	627000.0	jeddah,saudi	JEDDAH / SAUDI ARABIA	Grand Casablanca, Morocco Morocco			DUBAI / SAFARI DESERT ( CANADIAN TOURIST in JOY / HAPPINESS / DUBAI DESERT TOURS ) TRAVELS WORLD PICTURE https://t.co/mqV9APgjZq	[]	0.0	0.0
8.46600979948716e+17	Tue Mar 28 05:52:57 +0000 2017	checa25	lima,peru	7606000.0	lima,peru	Lima - Peru	Callao, Peru Peru	-12.02267349	-77.10790447	I'm at Air Canada Check-In in Lima https://t.co/5DWzhlxjhv https://t.co/KtcBn1naXP	[]	0.0	0.0
8.467384820053606e+17	Tue Mar 28 14:59:20 +0000 2017	KarateAntibes	marseille,france	852000.0	marseille,france		Antibes, France France	43.57407654	7.11903543	With my Sensei Jean Frenette #greatmaster #antibes #karate #okinawagojuryu #okinawa #canada‚Ä¶ https://t.co/dbueJYFFxP	[greatmaster,antibes,karate,okinawagojuryu,okinawa,canada]	0.0	0.0
8.471055051852227e+17	Wed Mar 29 15:17:45 +0000 2017	valwayne	guatemala city,guatemala	1090000.0	,nicaragua	Nicaragua	Nicaragua Nicaragua			@samijs1 @ConstanceQueen8 Trudeau is rapidly Islamifying Canada. Imagine Muslim prayers in Arabic in school. Kids are being indoctrinated.	[]	0.0	0.0
8.4685777109828e+17	Tue Mar 28 22:53:21 +0000 2017	Autumnrheather	santo domingo,dominican republic	2989000.0	,dominican republic		Hig√ºey, Dominican Republic Dominican Republic			Worst case Ontario	[]	1.0	0.0
8.464725509516698e+17	Mon Mar 27 21:22:37 +0000 2017	CourtneyTullock	santo domingo,dominican republic	2989000.0	,haiti	Leah	Haiti Haiti			Annoying Canadian just told me not to curse in front of her. She's 19	[]	1.0	0.0
8.460996488214405e+17	Sun Mar 26 20:40:50 +0000 2017	Mary__Twilight	santo domingo,dominican republic	2989000.0	santo domingo,dominican republic	Toronto, ON, Canada	Hig√ºey, Dominican Republic Dominican Republic	18.65244851	-68.3663	#Cloudy in #PuntaCana sure didn't feel the same as in Toronto . üåäüå¥‚õÖ‚Ä¶ https://t.co/2xAS6aiRqs	[Cloudy,PuntaCana]	0.0	0.0
8.467294982339953e+17	Tue Mar 28 14:23:38 +0000 2017	BrunoAmato_1	san francisco,us	0.0	california,us	Hollywood California	California, USA United States			"Canadian ""Leader"" @JustinTrudeau has done nothing to #StopTheSealHunt https://t.co/FAei2pLwZQ"	[StopTheSealHunt]	34.0	48.0
8.468676838239355e+17	Tue Mar 28 23:32:44 +0000 2017	JournalistsLike	leon,mexico	1138000.0	,united states	Newsrooms everywhere 	Albuquerque, NM United States			As if you needed another reason to move to Canada üá®üá¶ üçî https://t.co/R0XDBYKHyx	[]	1.0	1.0
8.46826410463277e+17	Tue Mar 28 20:48:44 +0000 2017	iftheycouldtalk	leon,mexico	1138000.0	,united states	USA	Santa Fe, NM United States			"""Coal modernized the US in the 19th Century. Don't you want to be modern?"" https://t.co/8fvo5bbOxC #CoolLikeCoal"	[CoolLikeCoal]	0.0	1.0
8.447416131801252e+17	Thu Mar 23 02:44:29 +0000 2017	laurita_lz	la matanza,argentina	1255000.0	asuncion,paraguay	Paraguay.	Asuncion, Paraguay Paraguay			6 Women who are making their mark in Canada's beer industry and their advice - https://t.co/OROQ6h2Au6 via @eatnorthca	[]	0.0	0.0
8.46475667709612e+17	Mon Mar 27 21:35:00 +0000 2017	AngeLaher14	dammam,saudi arabia	812000.0		Doha, Qatar	Doha, Qatar Qatar			Doha to Canada! üíïüíï Thank you for the time and thank you for making me happy. ^^ üíïüíï‚ù§Ô∏è‚ù§Ô∏è #11437 https://t.co/WQUFccJ61k	[]	0.0	0.0
8.464659400155177e+17	Mon Mar 27 20:56:21 +0000 2017	Qbsrock	dammam,saudi arabia	812000.0		Qatar	Doha, Qatar Qatar			#np Canadian ambient-pop duo You‚Äôll Never Get To Heaven  'Exquisite Tension'  @yellowkrecords what a gorgeous track‚Ä¶ https://t.co/oLIE2n613v	[np]	1.0	0.0
8.464427717162107e+17	Mon Mar 27 19:24:17 +0000 2017	shabeeraa	dammam,saudi arabia	812000.0		Kochi; Doha, Qatar	Al Rayyan, Qatar Qatar			Opposite of #India is #Canada	[India,Canada]	1.0	0.0
8.468725672898642e+17	Tue Mar 28 23:52:08 +0000 2017	EdmontonCP	edmonton,canada	730000.0	edmonton,canada	Edmonton, AB	Edmonton, Alberta Canada	53.53925427	-113.49975684	Art Gallery of Alberta waives fees for children and students https://t.co/T3vOxIEcIQ	[]	0.0	0.0
8.466968024893727e+17	Tue Mar 28 12:13:43 +0000 2017	Suchindranath	vijayawada,india	957000.0	,india	Kalyanipuri	Rajendra Nagar, India India			There is  a trait in the effete and decadent that seeks ferocious two legged pets like Dalits and Moslems  https://t.co/hM1A4NgYxi	[]	0.0	0.0
8.468089544075633e+17	Tue Mar 28 19:39:22 +0000 2017	COFIANWAR	jakarta,indonesia	10100000.0	,indonesia		Penjaringan, Indonesia Indonesia			@JustinTrudeau @ParcsCanada oke my son. You should understand why my Aidwight D Eisenhower still life. Because my god son the king muster	[]	0.0	0.0
8.465474343816315e+17	Tue Mar 28 02:20:11 +0000 2017	el_reportero	acapulco,mexico	718000.0	,mexico	Distrito Federal, M√©xico	Cuernavaca, Morelos Mexico			It wouldn't be Canada without a weather story https://t.co/wXt7yj0gV1	[]	1.0	0.0
8.4646032870366e+17	Mon Mar 27 20:34:03 +0000 2017	gordon_robbins	acapulco,mexico	718000.0	,mexico	Zihuatanejo, Guerrero, M√©xico	Jos√© Azueta, Guerrero Mexico			@CBCNews Marijuana more popular than tobacco with AA members Vancouver, B.C., Canada since 1990's, Vallarta brand pot stronger than coffee!	[]	0.0	0.0
8.464187135449293e+17	Mon Mar 27 17:48:41 +0000 2017	el_reportero	acapulco,mexico	718000.0	,mexico	Distrito Federal, M√©xico	Cuernavaca, Morelos Mexico			Where would Canadian journalism be without this woman? https://t.co/GVQnjl1LkE	[]	0.0	0.0
8.461591116161556e+17	Mon Mar 27 00:37:07 +0000 2017	puertotours	acapulco,mexico	718000.0	puebla,mexico	Puerto Escondido Oaxaca Mexico	Santa Mar√≠a Huatulco, Oaxaca Mexico	15.76514752	-96.13847677	Touring with nice people from Canada. @ Parque Central La Crucesita! https://t.co/NFRONZylEo	[]	0.0	0.0
8.467507848595292e+17	Tue Mar 28 15:48:13 +0000 2017	AnneBluebelle	medan,indonesia	1990000.0	,malaysia	Perak, Malaysia	Hulu Kinta, Perak Malaysia			Very special thoughts to share @tsemtulku @MartinMKC #asia #southeastasia #usa #eur #msia #canada #tibet #india #aus https://t.co/vFPgUfc1tg	[asia,southeastasia,usa,eur,msia,canada,tibet,india,aus]	0.0	0.0
8.467432211536773e+17	Tue Mar 28 15:18:10 +0000 2017	AnneBluebelle	medan,indonesia	1990000.0	,malaysia	Perak, Malaysia	Hulu Kinta, Perak Malaysia			Sometimes What I Am is Not Me @tsemtulku @MartinMKC #Spiritual #Protection #Europe #America #Canada #Malaysia #Aus https://t.co/y7M5QGEpl7	[Spiritual,Protection,Europe,America,Canada,Malaysia,Aus]	0.0	0.0
8.467419934850662e+17	Tue Mar 28 15:13:17 +0000 2017	AnneBluebelle	medan,indonesia	1990000.0	,malaysia	Perak, Malaysia	Hulu Kinta, Perak Malaysia			You will enjoy this one! @tsemtulku @MartinMKC #interesting #homes #america #europe #australia #canada #newzealand https://t.co/n15Yi70Oil	[interesting,homes,america,europe,australia,canada,newzealand]	0.0	0.0
8.467383652359168e+17	Tue Mar 28 14:58:52 +0000 2017	AnneBluebelle	medan,indonesia	1990000.0	,malaysia	Perak, Malaysia	Hulu Kinta, Perak Malaysia			5 Ways To Keep Lyme Disease Out Of Your Yard @tsemtulku @MartinMKC #america #australia #canada #newzealand #europe https://t.co/PH112ZAhqt	[america,australia,canada,newzealand,europe]	0.0	0.0
8.472222927570944e+17	Wed Mar 29 23:01:49 +0000 2017	TrixterNixter	brisbane,australia	1544000.0	brisbane,australia	The Land Downunder	Brisbane, Queensland Australia			In Canada, they have Snow Days. In #Brisbane, we have #StormDays. Everything is closed &amp;cancelled. Good thing my house is fully stocked...	[Brisbane,StormDays]	0.0	0.0
8.471813841163469e+17	Wed Mar 29 20:19:16 +0000 2017	maththrills	brisbane,australia	1544000.0	brisbane,australia	Brisbane, Queensland	Brisbane, Queensland Australia			One of the few ways to retain top #robotics #deeplearning #talent at scale: trying to do this in Australia:  https://t.co/vnrMnHiqPf	[robotics,deeplearning,talent]	5.0	7.0
8.46773796484866e+17	Tue Mar 28 17:19:40 +0000 2017	Ahmed99661083	multan,pakistan	1424000.0	,pakistan	ŸÑÿß€ÅŸàÿ±, Ÿæÿß⁄©ÿ≥ÿ™ÿßŸÜ	Punjab, Pakistan Pakistan			@FarishtayPK Canada is a great country led by a very pragmatic and decent person Justin Truodo	[]	1.0	0.0
8.467200984715592e+17	Tue Mar 28 13:46:17 +0000 2017	apennytoorich	malang,indonesia	742000.0	,indonesia		Bekasi Timur, Indonesia Indonesia			Dangdut prince with RnB bent can pursue a career in Canada. That if he still had one.	[]	0.0	0.0
8.472180809546179e+17	Wed Mar 29 22:45:05 +0000 2017	blobrana	scotland,uk	0.0	scotland,uk	( Location: Pictland )	Aberdeen, Scotland United Kingdom			Ian Keith Shelton (born 30 March 1957 in Winnipeg , Canada) is a Canadian astronomer who discovered SN 1987A https://t.co/73lhSSuHUR	[]	0.0	0.0
8.47219970530562e+17	Wed Mar 29 22:52:36 +0000 2017	jeff_chaney	jacksonville,usa	808000.0	florida,united states of america	iPhone: 39.629750,-86.119887	Florida, USA United States	28.3715316	-81.55116095	I'm at Canada Pavilion - @waltdisneyworld in Lake Buena Vista, FL https://t.co/MWemqWpPnp https://t.co/Ys2OtCPpMQ	[]	1.0	0.0
8.468737306513449e+17	Tue Mar 28 23:56:46 +0000 2017	khalilalfar	las vegas,usa	558000.0	,united states	Ontario, Canada	The Palazzo Resort Hotel & Casino United States			Great to receive Canadian Collaboration Partner of the year from Luc Villeneuve #RHNAPC @redhatnews @RedhatCanada‚Ä¶ https://t.co/ZepGI8eczE	[RHNAPC]	6.0	5.0
8.468640312688108e+17	Tue Mar 28 23:18:13 +0000 2017	akiduggar	las vegas,usa	558000.0	,united states	Global Citizen	Paradise, NV United States			@GlobalShopShow Looking for #companies for #fashion #retailstore #rollouts in #Canada #winnipeg #storedesign‚Ä¶ https://t.co/JE1t0T9nNq	[companies,fashion,retailstore,rollouts,Canada,winnipeg,storedesign]	0.0	0.0
8.468738310463037e+17	Tue Mar 28 23:57:10 +0000 2017	finogaga	dallas,usa	1280000.0	,united states	Fort Worth, TX	Fort Worth, TX United States			@BetsyLulu1 @Lunges_n_Lashes Betsy... what did you find yesterday.. that you can't find in Canada... I'm curious.. You rock babes üòá	[]	1.0	0.0
8.468652893588234e+17	Tue Mar 28 23:23:13 +0000 2017	TheFussyFlyer	duque de caxias,brazil	864000.0	guarulhos,brazil	LAX	Aeroporto Internacional de S√£o Paulo / Guarulhos (GRU) 			Off we go on @AirCanada AC091 to Toronto. Already know this will be a great flight. #avgeek https://t.co/iicylk0Xek	[avgeek]	0.0	0.0
8.47061108334637e+17	Wed Mar 29 12:21:20 +0000 2017	Bebetheman	okayama,japan	700000.0	osaka,japan		Toyonaka-shi, Osaka Japan			@thetrin Glad to hear you're still going to be in the area, my Canadian brother.	[]	0.0	0.0
8.46494896957612e+17	Mon Mar 27 22:51:25 +0000 2017	RS11__	merida,mexico	734000.0	,mexico	Indiana, USA	Benito Ju√°rez, Quintana Roo Mexico			Let's just say I kicked Argentina, France and Canada's ass in a drink off ü§ôüèªü§ôüèªüá∫üá∏üá∫üá∏	[]	19.0	0.0
8.449695745460634e+17	Thu Mar 23 17:50:20 +0000 2017	fals1fy	mexicali,mexico	1000000.0	,united states	Greed Island, Soufrabi	Santa Ana, CA United States			beauties and gentlebeauties... I present to u the chamion of evo 2016... captian canada https://t.co/3Crh0PQyp0	[]	517.0	82.0
8.464448872810865e+17	Mon Mar 27 19:32:41 +0000 2017	chijs	nanjing,china	4150000.0	vancouver,canada	Vancouver, BC	Shanghai, People's Republic of China People's Republic of China			This is going to be 1 of those weeks where I'll average 3 hours of sleep/night &amp; where I'll then sleep 12 hours on Friday in Canada #jetlag	[jetlag]	1.0	0.0
8.468742110333706e+17	Tue Mar 28 23:58:40 +0000 2017	lallidhillon59	vancouver,canada	580000.0	vancouver,canada	Vancouver, British Columbia	Burnaby, British Columbia Canada			Vancouver council to debate housing strategy 'reset' today https://t.co/NT9Pw0csaN	[]	0.0	0.0
8.470283919330877e+17	Wed Mar 29 10:11:20 +0000 2017	AliRazaTweets	jodhpur,india	1007000.0	hyderabad,pakistan	Hyderabad, Pakistan	Sindh, Pakistan Pakistan			Dr Asim Hussain is a dual national. He also has Canadian passport.	[]	4.0	4.0
8.472216302502052e+17	Wed Mar 29 22:59:11 +0000 2017	CurtisHaley1	oklahoma city,usa	551000.0	,united states		Tulsa, OK United States			@RepMikeQuigley uranium. 9Canadian businessmen and then those same 9 Canadian businessmen donated 145 million to HRC's Foundation. What's up	[]	0.0	0.0
8.467447050356204e+17	Tue Mar 28 15:24:04 +0000 2017	Suchindranath	hubli,india	801000.0	,india	Kalyanipuri	Rajendra Nagar, India India			Tecto Politics:Is Australia trying to become part of China or part of the US? It may feel more at home in Canada.  https://t.co/yZ9o3E7BWs	[]	0.0	0.0
8.468627037256294e+17	Tue Mar 28 23:12:57 +0000 2017	sahagunfelipe	madrid,spain	3213000.0	madrid,spain		Madrid, Comunidad de Madrid Spain			#Trump signs order undoing Obama #climate change policies https://t.co/TcNoAed0t8 ‚Ä¶ v @BBCWorld	[Trump,climate]	1.0	0.0
8.468659219940557e+17	Tue Mar 28 23:25:44 +0000 2017	henfreakez	new orleans,usa	0.0	,united states	Baton Rouge, LA	Baton Rouge, LA United States			I'm really going to have to move to Canada Fuck	[]	1.0	0.0
8.468588669146808e+17	Tue Mar 28 22:57:42 +0000 2017	TTFieldHockey	kuala lumpur,malaysia	1810000.0	singapore,singapore	Trinidad & Tobago	Central Region, Singapore Singapore			An its goal #9 for Canada. #MakeYourMark #HWL2017  #Canadavs Barbados	[MakeYourMark,HWL2017,Canadavs]	1.0	0.0
8.470148739135447e+17	Wed Mar 29 09:17:37 +0000 2017	Arturmaks	oslo,norway	584000.0	oslo,norway	Oslo, Norway	Oslo, Norway Norway			Excellent meeting with #Oslo Vice Mayor Lan Marie Berg to discuss sustainable cities, youth employment and Canada -‚Ä¶ https://t.co/eoQKMBL7xr	[Oslo]	11.0	1.0
8.468105206153011e+17	Tue Mar 28 19:45:35 +0000 2017	sudhakar31n	bangalore,india	5840000.0	chennai,india	Chengalpet, Chennai	Mylapore Tiruvallike, India India			@JustinTrudeau @ParksCanada not able to reach urs???	[]	0.0	0.0
8.469727309101343e+17	Wed Mar 29 06:30:09 +0000 2017	lumanyanodlodlo	cape town,south africa	3497000.0	cape town,south	Cape Town, South Africa	Cape Town, South Africa South Africa			@Wizdomination_ No bro research this again. You'll find out how shitty it is for every Dr to practice in Canada whether you have MBBS or not	[]	0.0	0.0
8.469650915390177e+17	Wed Mar 29 05:59:48 +0000 2017	lumanyanodlodlo	cape town,south africa	3497000.0	cape town,south	Cape Town, South Africa	Cape Town, South Africa South Africa			@Wizdomination_ Again, doesn't every foreign Dr have to complete residency in Canada to practice there? How is it and MBChB vs MBBS issue?	[]	0.0	0.0
8.467547195655168e+17	Tue Mar 28 16:03:51 +0000 2017	Veroaubert	la plata,argentina	710000.0	buenos aires,argentina	London, England	Ciudad Aut√≥noma de Buenos Aires, Argentina Argentina			Canada @MinCanadaAE Mark Allen explains how armed forces are implementing the #SafeSchoolsDeclaration to prevent at‚Ä¶ https://t.co/XFlMHpas3Z	[SafeSchoolsDeclaration]	3.0	3.0
8.46834532737323e+17	Tue Mar 28 21:21:00 +0000 2017	Zooty6_	budapest,hungary	1712000.0	budapest,hungary	Magyarorsz√°g	Budapest, Hungary Hungary			@pineapplefurrey Are you Canadian?	[]	1.0	0.0
8.467329287133061e+17	Tue Mar 28 14:37:16 +0000 2017	elwoodthomas6	culiacan,mexico	567000.0	,mexico	Coquitlam, British Columbia	Mazatl√°n, Sinaloa Mexico			@cathmckenna @Min_LeBlanc: Don't let Imperial Metals off the hook for Canada‚Äôs biggest mining spill https://t.co/ra7UoHoGPD	[]	0.0	0.0
8.46823429982634e+17	Tue Mar 28 20:36:53 +0000 2017	wdfdo	naples,italy	963000.0	rome,italy		Rome, Lazio Italy			I saw this on the BBC and thought you should see it:  Trump signs order undoing Obama climate change policies - https://t.co/60pR2ntZmO	[]	0.0	0.0
8.473450342737592e+17	Thu Mar 30 07:09:33 +0000 2017	Whodigiya	kabul,afghanistan	3586000.0	,afghanistan		Afghanistan Afghanistan			My friend, @UnicornEllie, found the best street in Toronto. https://t.co/BgKurF9efu	[]	0.0	0.0
8.441726187605688e+17	Tue Mar 21 13:03:30 +0000 2017	sjoerddendaas	haikou,china	830000.0	beijing,china	Beijing, China	Hainan, People's Republic of China People's Republic of China			Criticized for torturing lawyers, China lashes out at Canada and other countries /via @globeandmail https://t.co/NBv2anvfFO	[]	0.0	0.0
8.458357869143204e+17	Sun Mar 26 03:12:21 +0000 2017	realc24	lilongwe,malawi	866000.0	,malawi	malawi	Malawi Malawi			Subliminal shots at that other Toronto Nigga üî•üî•üî•üî• https://t.co/MJX7C4rsdn	[]	0.0	0.0
8.47590807544746e+17	Thu Mar 30 23:26:10 +0000 2017	Artists_Journey	oklahoma city,usa	551000.0	,united states		Edmond, OK United States			BBC News - Removing Assad no longer a priority - US https://t.co/hE4LlXWFQy Hmm another pro Putin move. Shocker.	[]	0.0	0.0
8.470769607025459e+17	Wed Mar 29 13:24:20 +0000 2017	EU_EESC	rotterdam,netherlands	590000.0	brussels,belgium	Brussels	Brussels, Belgium Belgium			How many EU companies export to Canada? See the interactive map to find out about the impact of #CETA üá®üá¶‚Ä¶ https://t.co/V58wT9YWse	[CETA]	5.0	11.0
8.470429396625818e+17	Wed Mar 29 11:09:08 +0000 2017	boysnoize	berlin,germany	3432000.0	berlin,germany	new Berlin, Germany	Berlin, Germany Germany			preparing my studio for a special visit from canada. his name rhymes with amiga and BundesLiga	[]	89.0	4.0
8.463949802183516e+17	Mon Mar 27 16:14:23 +0000 2017	Daniel_Voda	chisinau,moldova	785000.0	,moldova	Chi»ôinƒÉu, Moldova	Moldova Moldova			Celebrating üá≤üá©üá®üá¶co-op w/ Local Initiatives Fund Grantees, 25 years of dip ties &amp; #Canada's 150 years Confederation‚Ä¶ https://t.co/8zw0e1SPTl	[Canada]	7.0	4.0
8.467738201575465e+17	Tue Mar 28 17:19:45 +0000 2017	IIHFHockey	milan,italy	1302000.0		Zurich, Switzerland	Zurich, Switzerland Switzerland			An expert for scoring golden goals, @pou29 hopes to lead Canada to #WomensWorlds title this year.‚Ä¶ https://t.co/hLz5iYRsnz	[WomensWorlds]	31.0	14.0
8.470550484126843e+17	Wed Mar 29 11:57:15 +0000 2017	AdityaRajKaul	ludhiana,india	1400000.0	delhi,india	New Delhi/Srinagar, India	New Delhi, India India			Canadian national John who had gone missing two days ago has been found by forces in forests of Arlanpalli in Sukma‚Ä¶ https://t.co/YJ8Hsy3Vjk	[]	32.0	13.0
8.475988965659771e+17	Thu Mar 30 23:58:19 +0000 2017	LisaHDornan	calgary,canada	988000.0	calgary,canada		Calgary, Alberta Canada			Canada's captains named for #WomensWorlds - puck drops tomorrow! CAN vs US #GoCanadaGo https://t.co/CYaGDLfj3k	[WomensWorlds,GoCanadaGo]	1.0	0.0
8.471327376810885e+17	Wed Mar 29 17:05:58 +0000 2017	Saikumar_canada	tiruchchirappalli,india	760000.0	hyderabad,pakistan	Hyderabad	Sholinganallur, India India			"RT if you've ever been TRAPPED like this! ;) https://t.co/xVyWx3bMlM"""	[]	0.0	0.0
8.474420249785385e+17	Thu Mar 30 13:34:58 +0000 2017	eoilima	lima,peru	7606000.0	lima,peru	Lima, Peru	San isidro, Peru Peru			Indian nationals travelling  to Per√∫ on BUSINESS don't need visa if they have 6 months validity US, UK, Canada, Aus‚Ä¶ https://t.co/OQrPiM6Oct	[]	4.0	3.0
8.473524698269204e+17	Thu Mar 30 07:39:06 +0000 2017	ZanCalcifer	zagreb,croatia	804000.0	,italy	Italy	Trieste, Friuli-Venezia Giulia Italy			@StamperTV To be fair, I voted mashed potatoes just because Mac and cheese aren't really a thing outside of the US/Canada/maybe the UK?	[]	0.0	0.0
8.47568555117826e+17	Thu Mar 30 21:57:45 +0000 2017	DanielConnolly	memphis,usa	670000.0	memphis,usa	Memphis	Memphis, TN United States			@WesLibNews Thanks to Wesleyan Library in Connecticut for acquiring The Book of Isaias! It's now available in 470 o‚Ä¶ https://t.co/eCSnGv3io2	[]	1.0	0.0
8.475461182842061e+17	Thu Mar 30 20:28:35 +0000 2017	mikel_erdocia	madrid,spain	3213000.0	madrid,spain	Madrid, Spain	Madrid, Spain Spain	40.40899	-3.6775300000000004	So happy and proud to have the #experts in #education in #canada üá®üá¶ in my #team . Still thinking‚Ä¶ https://t.co/Z3iURuX1hV	[experts,education,canada,team]	0.0	0.0
8.475527406246584e+17	Thu Mar 30 20:54:54 +0000 2017	dadiniowa	iowa,usa	0.0	iowa,usa	Waterloo, Iowa	Waterloo, IA United States			Trump's #KeystoneXL pipeline plan faces new legal challenge.  The #KeystonePipeline isn't safe.  #WaterIsLife #NoKXL https://t.co/BNWrpByxMm	[KeystoneXL,KeystonePipeline,WaterIsLife,NoKXL]	0.0	0.0
8.473555725255803e+17	Thu Mar 30 07:51:26 +0000 2017	carrentalapp	agadir,morocco	921000.0	,morocco	Bengaluru, India	Morocco Morocco			#Rental #companies in United States and Canada, are going for complete fleet management automation https://t.co/TDpoWVeCVE #Morocco	[Rental,companies,Morocco]	4.0	3.0
8.47137720233345e+17	Wed Mar 29 17:25:46 +0000 2017	markhillary	tegucigalpa,honduras	1200000.0		Serra Negra, Brasil / Copan SP	Aguilares, El Salvador El Salvador			Chuck Sykes talks about #Sykes history in #elsalvador https://t.co/yis6UYRYMe @SYKES_US_Canada @SYKES_Global @Proesa_sv #proesa @NSAmericas	[Sykes,elsalvador,proesa]	3.0	6.0
8.4713426893346e+17	Wed Mar 29 17:12:03 +0000 2017	markhillary	tegucigalpa,honduras	1200000.0		Serra Negra, Brasil / Copan SP	Aguilares, El Salvador El Salvador			Great to see Chuck Sykes speaking at @Proesa_sv this morning @SYKES_US_Canada @SYKES_Global #elsalvador #cx #bpo‚Ä¶ https://t.co/8mVS02aIgq	[elsalvador,cx,bpo]	1.0	0.0
8.471312010517258e+17	Wed Mar 29 16:59:51 +0000 2017	markhillary	tegucigalpa,honduras	1200000.0		Serra Negra, Brasil / Copan SP	Aguilares, El Salvador El Salvador			The wild west of weed: will legalisation work for Canada? https://t.co/YyY1arS2I9	[]	0.0	0.0
8.47408150168744e+17	Thu Mar 30 11:20:21 +0000 2017	ELarrissy	marseille,france	852000.0	,france	Siran, Languedoc 	Olonzac, France France			#TrumpRussia Key dossier fact verified  https://t.co/1IFY3KiVyV	[TrumpRussia]	0.0	1.0
8.441440187411128e+17	Tue Mar 21 11:09:52 +0000 2017	clhteaches	lanzhou,china	2088000.0	shenzhen,china	Shenzhen, China	People's Republic of China People's Republic of China			Chinese-Canadian author &amp; animator Trevor Lai inspires Gr3 with stories, experiences, &amp; characters BOOMi &amp; Piggy.‚Ä¶ https://t.co/7dpT44de4I	[]	5.0	0.0
8.464422672043745e+17	Mon Mar 27 19:22:17 +0000 2017	IncomeProGuru	colombo,sri lanka	650000.0	toronto,canada	Toronto, Ontario	Sri Lanka Sri Lanka			Market Commentary - Toronto Real Estate Monthly Newsletter  https://t.co/ZWuSb6qPA4	[]	1.0	0.0
8.466800666585784e+17	Tue Mar 28 11:07:13 +0000 2017	therealherohere	lusaka,zambia	1110000.0	,zimbabwe	kuValley,Mazowe, Zimbabwe	Mashonaland Central, Zimbabwe Zimbabwe			#TIL Canada imposed sanctions against Zimbabwe	[TIL]	0.0	0.0
8.470709110481142e+17	Wed Mar 29 13:00:17 +0000 2017	EU_EESC	brussels,belgium	958000.0	brussels,belgium	Brussels	Brussels, Belgium Belgium			#CETA üá®üá¶is a new trade agreement between EU and Canada. Find out more https://t.co/iXRpW6qvjy and follow the live d‚Ä¶ https://t.co/8SvkaPDe9t	[CETA]	6.0	9.0
8.472741332641219e+17	Thu Mar 30 02:27:49 +0000 2017	EstebanGrjn24	cordoba,argentina	1310000.0	,argentina	The Dark Side of The Moon	C√≥rdoba, Argentina Argentina			""" you know i've been a fan of this canadian mofo for a long ass time "" @Drake"	[]	0.0	0.0
8.471033132292874e+17	Wed Mar 29 15:09:02 +0000 2017	NetCatNews	cordoba,argentina	1310000.0	,argentina	Planet Earth	Ca√±ada de Gomez, Argentina Argentina			#news #summary:  #canada- #india health #care  #summit in delhi from  #thursday https://t.co/P8TNDhEXio	[news,summary,canada,india,care,summit,thursday]	1.0	0.0
8.468610349001155e+17	Tue Mar 28 23:06:19 +0000 2017	JeniferRaeS	cordoba,argentina	1310000.0	rosario,argentina	Santa Fe, Argentina	Rosario, Argentina Argentina			I'm dying at the fact that a girl asked me how I got to Argentina from Canada. Like yes girl, I rode my bike here.	[]	1.0	0.0
8.472020218287104e+17	Wed Mar 29 21:41:16 +0000 2017	TribLuis	bucaramanga,colombia	542000.0	,colombia		Medell√≠n, Colombia Colombia			Best part was when Rose confidently mentioned McBride‚Äôs time with Toronto FC, which, as some of you know, never f****** happened.	[]	3.0	0.0
8.467015275070915e+17	Tue Mar 28 12:32:29 +0000 2017	CanadaEstonia	helsinki,finland	583000.0		Tallinn, Estonia	Tallinn, Estonia Estonia			#TMW2017 has started! On Thursday, March 30, four Canadian bands will perform at ‚ÄúMade in Canada‚Äù event. Check out:‚Ä¶ https://t.co/UKHN7sAaRF	[TMW2017]	13.0	9.0
8.470654762451517e+17	Wed Mar 29 12:38:41 +0000 2017	Catotamae	lisbon,portugal	558000.0	,portugal	Dentu Street	Sintra, Portugal Portugal			my 25th birthday will be in toronto, yall invited to the party	[]	0.0	0.0
8.475964635007345e+17	Thu Mar 30 23:48:39 +0000 2017	AdamsFantasy	charlotte,usa	559000.0	,united states	 USA	North Carolina, USA United States			Vector Institute is just the latest in Canada's AI expansion - https://t.co/nLytGY8mZ6	[]	0.0	0.0
8.467197814746522e+17	Tue Mar 28 13:45:01 +0000 2017	travelsworld1	casablanca,morocco	3673000.0	jeddah,saudi	JEDDAH / SAUDI ARABIA	Grand Casablanca, Morocco Morocco			LUXURY / JORDANIAN BEACHS in AQABA RESORTS / RED SEA  ( CANADIAN TOURISTS COUPLE in RED SEA BEACHS )  AQABA RESORT‚Ä¶ https://t.co/PpkfvMh8k1	[]	1.0	0.0
8.47598053716394e+17	Thu Mar 30 23:54:58 +0000 2017	tmj_cao_sales	mexicali,mexico	1000000.0	los angeles,usa	Orange County, CA	Ontario, CA United States	34.073986600000005	-117.6141457	Interested in a #job in #Ontario, CA? This could be a great fit: https://t.co/gFpsiAHcF8 #Sales #Hiring #CareerArc	[job,Ontario,Sales,Hiring,CareerArc]	0.0	0.0
8.469995753407037e+17	Wed Mar 29 08:16:49 +0000 2017	dr_maheshsharma	jaipur,india	3050000.0	delhi,india	Noida, India	New Delhi, India India			Meeting with Hon‚Äôble Bardish Chagger, House Leader and Minister of Small Business and Tourism, Canada. https://t.co/NvFlJaMNOV	[]	105.0	21.0
8.475968565907415e+17	Thu Mar 30 23:50:12 +0000 2017	Ray_O_Johnson	bangkok,thailand	9100000.0	washington dc,usa	Washington DC Metro	Khlong Tan, Thailand Thailand			For Google, the AI Talent Race Leads Straight to Canada https://t.co/LtNDdMEULN	[]	0.0	0.0
8.475934322142577e+17	Thu Mar 30 23:36:36 +0000 2017	canberracanuck	sydney,australia	4400000.0	,australia	Australia	Canberra, Australian Capital Territory Australia			Today's surprise...#Australia has higher #corporatetax than #Canada on all 3 tables! https://t.co/RKvtgQJbMY	[Australia,corporatetax,Canada]	0.0	0.0
8.47588077212115e+17	Thu Mar 30 23:15:19 +0000 2017	KateAllman1	sydney,australia	4400000.0	sydney,australia	Sydney, New South Wales	Sydney, New South Wales Australia			@Cam_Walker Counting down!! Also, move to Canada and you won't have to count down at all... https://t.co/sCHb8qSauV	[]	1.0	0.0
8.472979897144934e+17	Thu Mar 30 04:02:37 +0000 2017	tdbtci66	santiago de los caballeros,dominican republic	1329000.0			Turks and Caicos Islands Turks and Caicos Islands			#TrumpRussiaCollusion   dossier key claim 'verified' https://t.co/zAVtLf8qcQ	[TrumpRussiaCollusion]	0.0	0.0
8.475714100210975e+17	Thu Mar 30 22:09:05 +0000 2017	biogerontology	moscow,russia	10524000.0	moscow,russia		Moscow, Russia Russia			Canada is already the world's capital for AI https://t.co/7DRECGyVSq	[]	0.0	0.0
8.47385193396568e+17	Thu Mar 30 09:49:08 +0000 2017	mohamadfaour973	hims,syria	823000.0	,lebanon		Lebanon Lebanon			@JustinTrudeau these are the future of Canada these are the best investment for best nation	[]	0.0	0.0
8.473845827018179e+17	Thu Mar 30 09:46:42 +0000 2017	mohamadfaour973	hims,syria	823000.0	,lebanon		Lebanon Lebanon			@AhmedDHussen hope to facilitate ours especially for medical and paramedical people wishing make canada new home thanks for all Canadians	[]	0.0	0.0
8.474040769459159e+17	Thu Mar 30 11:04:10 +0000 2017	MegBenfeito	kazan,russia	1115000.0	montreal,canada	Montreal	Kazan, Russia Russia			Not many people were aware of this situation, thank you @RC_Sports . https://t.co/HY97RVMaI4	[]	15.0	1.0
8.468185185449124e+17	Tue Mar 28 20:17:22 +0000 2017	ElUniversoM	fes,morocco	1009000.0	,spain	Espa√±a	Spain Spain			H√©ctor R. Rojas, Phd, the best kept secret of NASA https://t.co/gqYJuJL1o6    Available Spanish edition at Amazon‚Ä¶ https://t.co/Sp6NkFQfow	[]	7.0	4.0
8.467293909019402e+17	Tue Mar 28 14:23:12 +0000 2017	travelsworld1	fes,morocco	1009000.0	jeddah,saudi	JEDDAH / SAUDI ARABIA	Grand Casablanca, Morocco Morocco			LARGEST JORDANIAN BEACHS in DEAD SEA COAST ( CANADIAN TOURIST in LARGEST DEAD SEA BEACHS )  JORDAN https://t.co/8Hwwaln2DE	[]	0.0	0.0
8.467257565500416e+17	Tue Mar 28 14:08:46 +0000 2017	travelsworld1	fes,morocco	1009000.0	jeddah,saudi	JEDDAH / SAUDI ARABIA	Grand Casablanca, Morocco Morocco			AQABA RESORTS / CAMPING in JORDAN LAKES / TOURIST CANADIAN CHILDREN in AQABA BEACHS / GAMES  TRAVELS WORLD PICTURE https://t.co/7fwdhcFAxN	[]	0.0	0.0
8.475412438360637e+17	Thu Mar 30 20:09:13 +0000 2017	Napdaddi	stockholm,sweden	826000.0	stockholm,sweden	Stockholm, Sverige	Stockholm, Sweden Sweden			In Its 150th Year, Urge Canada to End the Commercial Seal Slaughter https://t.co/upiglJYdWR	[]	0.0	0.0
8.475693644759245e+17	Thu Mar 30 22:00:58 +0000 2017	Webasaurus_	rome,italy	2732000.0	,italy	Meatball City	Florence, Tuscany Italy			Canadian Softball tease was tight...toight like a tiger. @JarrodAlonge	[]	18.0	1.0
8.475987904669696e+17	Thu Mar 30 23:57:53 +0000 2017	Cav3manb0b	edmonton,canada	730000.0	edmonton,canada	Edmonton, Alberta	Edmonton, Alberta Canada			I wish Canada was making deals with vendors.  I suppose it would come down to the provinces.   There is a supply ch‚Ä¶ https://t.co/ThxjSExWOV	[]	0.0	0.0
8.475977334938665e+17	Thu Mar 30 23:53:41 +0000 2017	cj_stout_	edmonton,canada	730000.0	edmonton,canada	Canada	Edmonton, Alberta Canada			"@JewhadiTM @CAIRNational Since when does @CAIRNational ""order"" any US Armed Forces to do anything? @potus @FBI‚Ä¶ https://t.co/XjSrEQhDzq"	[]	10.0	8.0
8.470252115641795e+17	Wed Mar 29 09:58:42 +0000 2017	miraioritekita	fukuoka,japan	1450000.0	,japan		Niihama-shi, Ehime Japan			Jacqueline Fernandez„Åï„Çì  „ÄÄUrge üåé to End the Slaughter!   Thank you very much!  @Asli_Jacqueline @peta #Canada #„Ç´„Éä„ÉÄ	[Canada,„Ç´„Éä„ÉÄ]	0.0	0.0
8.465719561618637e+17	Tue Mar 28 03:57:37 +0000 2017	eanbowman	fukuoka,japan	1450000.0	toronto,canada	Toronto, Ontario, Canada	Hatsukaichi-shi, Hiroshima Japan			Does anyone know how to get folding bikes in bike bags from #Japan to #Canada ? About 215 linear cm. #shipping‚Ä¶ https://t.co/ORGDUcbLvc	[Japan,Canada,shipping]	3.0	1.0
8.470399856645612e+17	Wed Mar 29 10:57:24 +0000 2017	SautiSol	kampala,uganda	1420000.0	,kenya	Kenya	Kenya Kenya			Did you know that the world's most expensive Piano was designed by Canadian manufacturer Heintzman Pianos?‚Ä¶ https://t.co/KicwFG8Vcb	[]	30.0	4.0
8.475455021576888e+17	Thu Mar 30 20:26:09 +0000 2017	RupertBAbbott	baku,azerbaijan	2040000.0	,azerbaijan	United Kingdom	Azerbaijan Azerbaijan			"Oh. ""The lawmakers also suggested Russian influence may have affected Britain's #Brexit vote last year"" #PutinBrexit https://t.co/pK86bFBlld"	[Brexit,PutinBrexit]	0.0	0.0
8.469641086709719e+17	Wed Mar 29 05:55:53 +0000 2017	havanhotel	ho chi minh city,vietnam	7100000.0	ho chi minh city,vietnam	Nha Trang, Vietnam	Kh√°nh H√≤a, Vietnam Vietnam	12.25	109.183	Caption: #siropderable #maplesyrup #quebec #canada  Folks,  You are a #canadien #canadian‚Ä¶ https://t.co/zUDJtaw4B4	[siropderable,maplesyrup,quebec,canada,canadien,canadian]	0.0	0.0
8.467751592520458e+17	Tue Mar 28 17:25:04 +0000 2017	patrickjharris	ho chi minh city,vietnam	7100000.0	london,uk	London	Cambodia Cambodia			Maybe the ferret on his head is calling the shots too? Idiot  Trump to sweep away Obama climate change policies - https://t.co/eqLzjLpShp	[]	0.0	0.0
8.469905805886464e+17	Wed Mar 29 07:41:05 +0000 2017	Harlaso	medan,indonesia	1990000.0	medan,indonesia	North Sumatra, Indonesia	Medan Polonia, Indonesia Indonesia	3.58333	98.6667	For the improvement of the quality, we invited Prof. John Hooper from Canada to learn about‚Ä¶ https://t.co/t046LlXT4W	[]	0.0	0.0
8.469674353160888e+17	Wed Mar 29 06:09:07 +0000 2017	gandarental	medan,indonesia	1990000.0	medan,indonesia	Medan	Medan Perjuangan, Indonesia Indonesia			Mr Aaron from Canada , want trip arround north sumatera for 2 weeks. https://t.co/cc8vamWiIi https://t.co/tNSgyNTWey	[]	2.0	0.0
8.467518977341358e+17	Tue Mar 28 15:52:38 +0000 2017	AnneBluebelle	medan,indonesia	1990000.0	,malaysia	Perak, Malaysia	Hulu Kinta, Perak Malaysia			10 Choices You Will Regret 10 Year Later @tsemtulku @MartinMKC #america #europe #australia #canada #newzealand #asia https://t.co/hlBt6HIufW	[america,europe,australia,canada,newzealand,asia]	0.0	0.0
8.475435529807872e+17	Thu Mar 30 20:18:24 +0000 2017	triniswinburn	santiago,chile	5278000.0	santiago,chile	Santiago / Chile	Las Condes, Chile Chile			Toronto is building an artificial intelligence institute https://t.co/U6exk9yZZa #Toronto #TO #AI #ArtificialIntelligence #tech #technology	[Toronto,TO,AI,ArtificialIntelligence,tech,technology]	3.0	2.0
8.471942801752515e+17	Wed Mar 29 21:10:31 +0000 2017	ElGuasonVZLA	ciudad guayana,venezuela	940000.0	,venezuela	Distrito Capital, Venezuela	Venezuela Venezuela			#ParleyDe4Logros #parley #29mar   üèÄToronto Raptors‚û°Ô∏èGANA üèÄBoston Celtics‚û°Ô∏èALTA üèÄSacramento Kings‚û°Ô∏èRL+7 üèÄWashington Wizards‚û°Ô∏èRL+6  #Suerte..	[ParleyDe4Logros,parley,29mar,Suerte]	2.0	0.0
8.471942519979295e+17	Wed Mar 29 21:10:24 +0000 2017	ElGuasonVZLA	ciudad guayana,venezuela	940000.0	,venezuela	Distrito Capital, Venezuela	Venezuela Venezuela			#ParleyDe4Logros #parley #29mar   üèÄToronto Raptors‚û°Ô∏èGANA üèÄBoston Celtics‚û°Ô∏èALTA üèÄSacramento Kings‚û°Ô∏èRL+7 üèÄWashington Wizards‚û°Ô∏èRL+6  #Suerte	[ParleyDe4Logros,parley,29mar,Suerte]	0.0	0.0
8.471939193351578e+17	Wed Mar 29 21:09:05 +0000 2017	ElGuasonVZLA	ciudad guayana,venezuela	940000.0	,venezuela	Distrito Capital, Venezuela	Venezuela Venezuela			#ParleyDe4Logros #parley #29mar   üèÄToronto Raptors‚û°Ô∏èGANA üèÄBoston Celtics‚û°Ô∏èALTA üèÄSacramento Kings‚û°Ô∏èRL+7 üèÄWashington Wizards‚û°Ô∏èRL+6  #Suerte.	[ParleyDe4Logros,parley,29mar,Suerte]	0.0	1.0
8.475287421509181e+17	Thu Mar 30 19:19:33 +0000 2017	JustGontse	polokwane,south africa	0.0	,south africa	537 Paper Street 	Sandton, South Africa South Africa			Can't Have Everything + Glow. That's it. Back to back TRASH albums from the Canadian. Mans decline is very evident now.	[]	0.0	0.0
8.475765510886318e+17	Thu Mar 30 22:29:31 +0000 2017	divyaazad2	delhi,india	12100000.0	chandigarh,india	Chandigarh	Mohali, India India			Permanent residency in Canada to become easier for students pursuing longer courses https://t.co/iPCwPO9kMP @Canada #EducationinCanada	[EducationinCanada]	0.0	0.0
8.475850243670876e+17	Thu Mar 30 23:03:11 +0000 2017	NiTROACTiVE	merida,mexico	734000.0	,united states	United States	Isla Mujeres, Quintana Roo Mexico			Also, Mexico is the first international country I've been to for vacation in nearly 9 years. Canada was the last on‚Ä¶ https://t.co/3ZMVcVI4Zu	[]	1.0	0.0
8.472616770368799e+17	Thu Mar 30 01:38:19 +0000 2017	jcardan1	merida,mexico	734000.0	boston,usa	Boston, Massachusetts	Solidaridad, Quintana Roo Mexico			Boom! Let's start impeachment proceedings please: https://t.co/ndghBlpR4W  #ImpeachTrump #NotMyPresident	[ImpeachTrump,NotMyPresident]	0.0	0.0
8.471996115593339e+17	Wed Mar 29 21:31:42 +0000 2017	el_reportero	merida,mexico	734000.0	,mexico	Distrito Federal, M√©xico	Solidaridad, Quintana Roo Mexico			"""... the rate of Americans being turned back by Canadian border guards at land crossings has skyrocketed 31 percent‚Ä¶ https://t.co/F4dxIRX48N"	[]	4.0	2.0
8.467728965508506e+17	Tue Mar 28 17:16:05 +0000 2017	teamsuperrussia	ufa,russia	1023000.0	ufa,russia	Unicorn Island // HQ	Ufa, Russia Russia			@IISuperwomanII have you seen or heard of @OrphanBlack? It's a Canadian show with loads of strong females &amp; #GirlLove! #AskLilly	[GirlLove,AskLilly]	2.0	0.0
8.472229521437245e+17	Wed Mar 29 23:04:27 +0000 2017	JDSportsfan85	denver,usa	583000.0	denver,usa	Denver Colorado	Highlands Ranch, CO United States			@MSF_canada @jordan_epstein @pfizer @PfizerCA WE all call bullsh*t	[]	2.0	1.0
8.45873857407914e+17	Sun Mar 26 05:43:37 +0000 2017	Night_SUJU	yangon,burma	4468000.0	,thailand	ELF BABY IN'CLE	Amphoe Saraphi, Changwat Chiang Mai Thailand			In Its 150th Year, Urge Canada to End the Commercial Seal Slaughter! https://t.co/MgO86xpQgi via @PETA	[]	0.0	0.0
8.475562706304778e+17	Thu Mar 30 21:08:56 +0000 2017	AlannaZulkifli	oslo,norway	584000.0	oslo,norway	Oslo, Norway	Oslo, Norway Norway			Canada's influx of funding for #AI research and commercialization  could make it a leader in the field #deeplearning https://t.co/hQZgSHec4J	[AI,deeplearning]	2.0	1.0
8.47555834829779e+17	Thu Mar 30 21:07:12 +0000 2017	atlekil	oslo,norway	584000.0	,norway	Enebakk, Norge	Enebakk, Norge Norway			Foundation problem at Whistle Bend care facility 'minor issue' contractor says https://t.co/nMD2cSeiSg	[]	0.0	0.0
8.473264877493453e+17	Thu Mar 30 05:55:51 +0000 2017	Westad	oslo,norway	584000.0	oslo,norway	Holmlia, Oslo	Oslo, Norway Norway			The Nigerian bobsleigh team racing towards history - https://t.co/cGrai1sObX	[]	0.0	0.0
8.452789154301092e+17	Fri Mar 24 14:19:32 +0000 2017	RaulOcaranza1	la matanza,argentina	1255000.0	santiago,chile	√úT: -27.784,-64.263 to Global	Santiago del Estero, Argentina Argentina			#Mobile #FF riend #hpy_weekend! in #RichmondHill @tenbaggerpick #Ottawa @SolaceSystems #Toronto @rennym @plasticmobile @TrevorTynes	[Mobile,FF,hpy_weekend,RichmondHill,Ottawa,Toronto]	0.0	0.0
8.475860022186353e+17	Thu Mar 30 23:07:04 +0000 2017	xertx3	cebu city,philippines	747000.0	,philippines		Central Visayas, Republic of the Philippines Republic of the Philippines			Canada: School computer lab becomes mini-mosque, student told, ‚ÄúGod loves only Muslims‚Äù	[]	0.0	0.0
8.475072998369772e+17	Thu Mar 30 17:54:20 +0000 2017	kireishera	cebu city,philippines	747000.0	,philippines	Philippines	Dumaguete City, Central Visayas Republic of the Philippines			Canada is legalizing weed next year,  which makes it even more appealing. üòä	[]	1.0	0.0
8.47436865535746e+17	Thu Mar 30 13:14:28 +0000 2017	romanus54531	barcelona,spain	1673000.0	,united states	United States	United States United States			Do you know about Facebook Help @1-844-746-2972 team? For USA&amp;CANADA https://t.co/8DJmw9lBMK	[]	0.0	0.0
8.473996686611456e+17	Thu Mar 30 10:46:39 +0000 2017	myameens	hyderabad,pakistan	1447000.0	,pakistan	pickering, ontario, canada	Drigh Road, Pakistan Pakistan			Toronto@Karachi: Disastrous Report of Karachitis: Seven Families total 42 adults checked 4 BP Level. Just one had normal. Rest with High BP	[]	0.0	0.0
8.455790137079808e+17	Sat Mar 25 10:12:01 +0000 2017	PESQUISAMINERAL	fortaleza,brazil	2506000.0	,brazil	Brasil	Parnamirim, Brasil Brazil			Canadian Orebodies Mobilizes Drill to Hemlo North Limb Property-https://t.co/anUekUbphH	[]	0.0	0.0
8.475096461936353e+17	Thu Mar 30 18:03:40 +0000 2017	STXparanormal	monterrey,mexico	2057000.0	texas,usa	Mcallen,Texas	Edinburg, TX United States			Russia 'tried to hijack US election', says US senator - https://t.co/o61SMQKGy6 nunes is on trumps payroll he must step out #theresistance	[theresistance]	0.0	0.0
8.474954411344404e+17	Thu Mar 30 17:07:13 +0000 2017	BeckzLove	monterrey,mexico	2057000.0	texas,usa	Texas Forever.	Alamo, TX United States			"Was stuck with a French-Canadian for an hour and all I understood was ""Wee Wee, Merci madam."" üôÑü§¶üèª‚Äç‚ôÄÔ∏è"	[]	1.0	0.0
8.475992788769014e+17	Thu Mar 30 23:59:50 +0000 2017	heatherdann	toronto,canada	2571000.0	toronto,canada	Toronto	Toronto, Ontario Canada	43.6647	-79.3925	The many stages of spring. #toronto #queenspark #spring #snow @ Queen's Park (Toronto) https://t.co/bl7iXxGJdF	[toronto,queenspark,spring,snow]	0.0	0.0
8.471071436984525e+17	Wed Mar 29 15:24:16 +0000 2017	garthfrizzell	cartagena,colombia	893000.0	cartagena,colombia	Prince George, BC, Canada	Cartagena, Colombia Colombia			Teresa Salamanca, Mayor of Chin√∫, announced RED de Alcaldesas, network of Women Mayors. Canada is glad to work with‚Ä¶ https://t.co/1Q7W4ONwWH	[]	3.0	2.0
8.47589813683241e+17	Thu Mar 30 23:22:13 +0000 2017	cpet1993	brisbane,australia	1544000.0	brisbane,australia	Australia	Brisbane, Queensland Australia			My dad had lunch with Trudeau today and keeps sending me photos with him üò≠üíó	[]	3.0	0.0
8.475797777919222e+17	Thu Mar 30 22:42:20 +0000 2017	ICFmobile	cape town,south africa	3497000.0	,south africa	McMaster University, Canada 	Somerset West, South Africa South Africa			@DevPeds  Vector Institute is just the latest in Canada's AI expansion - https://t.co/ihQzHCvX4U	[]	1.0	0.0
8.475272086714778e+17	Thu Mar 30 19:13:27 +0000 2017	DavidPOLeary	cape town,south africa	3497000.0	cape town,south africa	Toronto, Ontario	Khayelitsha, South Africa South Africa	-34.05730911	18.69341641	#tbt Throwback to my last day at grassroots_youth before moving back to Canada from South‚Ä¶ https://t.co/MO5rEoKhL0	[tbt]	0.0	0.0
8.474613633246044e+17	Thu Mar 30 14:51:48 +0000 2017	jrlc48	sevilla,spain	704000.0	,spain		Cordova, Spain Spain			@virginmedia not in 127 characters. a long email about roaming charges in Canada when I had airplane mode on. find the email and reply pls	[]	0.0	0.0
8.473936401838776e+17	Thu Mar 30 10:22:42 +0000 2017	jrlc48	sevilla,spain	704000.0	,spain		Cordova, Spain Spain			@virginmedia what sort of info can I put on Twitter? Reluctant to share personal stuff. re roaming charges in Canada when airplane mode on	[]	0.0	0.0
8.474644891883356e+17	Thu Mar 30 15:04:14 +0000 2017	AliNasirSyed	jodhpur,india	1007000.0	toronto,canada	Toronto, Ontario	Sindh, Pakistan Pakistan			Great job. #rotary #District3272 #Pakistan @RotaryBayBloor #toronto https://t.co/0Bc9wnpZNl	[rotary,District3272,Pakistan,toronto]	0.0	0.0
8.47437132520149e+17	Thu Mar 30 13:15:31 +0000 2017	MonicaArayaTica	asuncion,paraguay	546000.0	,paraguay	Costa Rica 	Central, Paraguay Paraguay			'Women transforming the environment' here with my Canadian fellow environmental entrepreneur! @BID_Idear‚Ä¶ https://t.co/3juY9oDGye	[]	17.0	11.0
8.473518758924657e+17	Thu Mar 30 07:36:44 +0000 2017	sebastien_tech	adelaide,australia	1290000.0	adelaide,australia		Adelaide, South Australia Australia			@mcannonbrookes it would be great to see similar ideas for Australian R&amp;D to #innovation   https://t.co/UuOdMmLPhy	[innovation]	1.0	1.0
8.475014091340513e+17	Thu Mar 30 17:30:56 +0000 2017	UngracefulGuide	guatemala city,guatemala	1090000.0	,nicaragua	Nicaragua	Nicaragua Nicaragua			"Last night, we went ""for one"" with our Canadian friend Chris. Passed a bar where the craic was 90. Heard Dublin, Limerick&amp;Monaghan accents."	[]	1.0	0.0
8.474265962857267e+17	Thu Mar 30 12:33:39 +0000 2017	markhillary	guatemala city,guatemala	1090000.0		Serra Negra, Brasil / Copan SP	Ciudad Arce, El Salvador El Salvador			BBC News - American Airlines pilot dies on Dallas-Albuquerque flight https://t.co/PZkgiz9uL5	[]	0.0	0.0
8.473399612672573e+17	Thu Mar 30 06:49:24 +0000 2017	markhillary	guatemala city,guatemala	1090000.0		Serra Negra, Brasil / Copan SP	Aguilares, El Salvador El Salvador			BBC News - Ivanka Trump to be assistant to US president https://t.co/E4n2lZjB4M	[]	1.0	0.0
8.453778623539896e+17	Fri Mar 24 20:52:43 +0000 2017	geshgroove	lubumbashi,congo	1140000.0	,zambia	√úT: -26.09355,28.05549	Copperbelt, Zambia Zambia			Donald Trump's US healthcare bill vote withdrawn - https://t.co/acm0NaC92K	[]	1.0	2.0
8.444391041211597e+17	Wed Mar 22 06:42:25 +0000 2017	jimmydelaco	lubumbashi,congo	1140000.0	toronto,canada	Toronto	Zambia Zambia			@davidswann paid-plasma does not meet demand in Canada. You are supporting the undermining of our blood system for profits. A cdn doctor?	[]	0.0	0.0
8.475761668063314e+17	Thu Mar 30 22:28:00 +0000 2017	floriano76	curitiba,brazil	1851000.0	,brazil	Florian√≥polis, SC - Brazil	Florian√≥polis, Brazil Brazil			"""For Google, the AI Talent Race Leads Straight to Canada"" https://t.co/EaOEpTk0ZC #tecnologia #feedly"	[tecnologia,feedly]	0.0	0.0
8.472241257393439e+17	Wed Mar 29 23:09:06 +0000 2017	OldRowKoozie	texas,usa	0.0	dallas,usa	"""Frat Dallas"""	Dallas, TX United States			@martinrickman bowling appreciation night in Toronto so they'll be using a bowling ball instead of a basketball. Pretty odd	[]	0.0	0.0
8.465072539812168e+17	Mon Mar 27 23:40:31 +0000 2017	SafiahC	medina,saudi arabia	1300000.0	toronto,canada	Scarborough | Toronto | World	Al Madinah Al Munawwarah, Kingdom of Saudi Arabia Kingdom of Saudi Arabia			@SafiahC source https://t.co/WbFU5tdHG3 #WeTheNorth	[WeTheNorth]	0.0	0.0
8.465065701795963e+17	Mon Mar 27 23:37:48 +0000 2017	SafiahC	medina,saudi arabia	1300000.0	toronto,canada	Scarborough | Toronto | World	Al Madinah Al Munawwarah, Kingdom of Saudi Arabia Kingdom of Saudi Arabia			"""Everything,"" Ross said when asked what he misses most about the city. ""It‚Äôs Toronto,"" he added.""Toronto is so much more than just one spot"""	[]	1.0	1.0
8.475987546139689e+17	Thu Mar 30 23:57:45 +0000 2017	SamanthaJ_Van	vancouver,canada	580000.0	vancouver,canada	Vancouver, British Columbia	TD Tower Canada			Learning about values based leadership &amp; why it matters at the WIL #ascend event @MinervaBC @ascend_canada https://t.co/gwpABmz7OO	[ascend]	12.0	2.0
8.455911879353754e+17	Sat Mar 25 11:00:24 +0000 2017	Temidor	lviv,ukraine	740000.0	,poland	Lublin, POLAND 	Lublin, Poland Poland			All supermarkets in @Canada to give leftover stock to food banks: https://t.co/pBpx5TQH6L @CharlottEngland via @Independent	[]	2.0	2.0
8.469669867646853e+17	Wed Mar 29 06:07:20 +0000 2017	marcingabrys	krakow,poland	755000.0	krakow,poland	Krak√≥w	Krakow, Poland Poland			Justin #Trudeau versus Stephen #Harper: What's the #difference?  https://t.co/RVuF5h1s5q	[Trudeau,Harper,difference]	0.0	1.0
8.468441516898263e+17	Tue Mar 28 21:59:14 +0000 2017	tomeksoroka	krakow,poland	755000.0	krakow,poland	Krak√≥w, Polska	Krakow, Poland Poland			For the record: Stephen Poloz on #Canadian economic openness https://t.co/sct3dQ3TVq #cdnecon	[Canadian,cdnecon]	1.0	0.0
8.472313223051223e+17	Wed Mar 29 23:37:42 +0000 2017	Foolkiller82	ireland,uk	0.0	ireland,uk		Banbridge, Northern Ireland United Kingdom			I thought Mexico was paying? üêÇüí© as usual from #Trump   Trump border wall funding facing delay - https://t.co/oh5ixt7V6S	[Trump]	0.0	0.0
8.472366368532316e+17	Wed Mar 29 23:58:49 +0000 2017	Harold_Montreal	montreal,canada	1621000.0	montreal,canada	Montr√©al, Qu√©bec	Saint-Lambert, Qu√©bec Canada	45.49386	-73.5087	Go to classes üëä #stlambert #montreal #quebec #canada @ Access Adult Education and Career‚Ä¶ https://t.co/OzIj2bPKGj	[stlambert,montreal,quebec,canada]	0.0	0.0
8.472364188542976e+17	Wed Mar 29 23:57:57 +0000 2017	apapenheim	montreal,canada	1621000.0	,canada	Montr√©al, QC	Montr√©al, Qu√©bec Canada			Hot Cheetos have made it to la belle province. U.S. outmigration promises to be a boon for both the Canadian state‚Ä¶ https://t.co/wYEdmSripe	[]	1.0	0.0
8.470929571236782e+17	Wed Mar 29 14:27:53 +0000 2017	qconstantin	bucharest,romania	1994000.0	bucharest,romania	BUCHAREST,ROMANIA	Romania Romania			U.K..HAS MORE ATTIRED BY SOLIDARITY &amp; INTERESTS WITH U.S.,CANADA,AUSTRALIA AND ANCIENT BRITISH EMPIRE, THAN TO E.U. PEOPLES.	[]	0.0	0.0
8.470598303302738e+17	Wed Mar 29 12:16:15 +0000 2017	cppluxury	bucharest,romania	1994000.0	london,uk	London	Romania Romania			Richard Mille to open in Toronto (Yorkville) first store in Canada @Richard_Mille https://t.co/2eL9SnVVPb	[]	1.0	0.0
8.467605665888911e+17	Tue Mar 28 16:27:05 +0000 2017	ekimir	bucharest,romania	1994000.0	,bulgaria		Bulgaria Bulgaria			@realDonaldTrump is total damage. To the entire world!  https://t.co/9im1lnfmpP	[]	0.0	0.0
8.47310837882667e+17	Thu Mar 30 04:53:40 +0000 2017	ashharsh2000	kanpur,india	3100000.0	jaipur,india	Jaipur, India	Jaipur, India India			#rotary  delegation #us #canada #Australia  host club #jaipur royal @sonjaeer nice meeting you https://t.co/fsp0gCWt27	[rotary,us,canada,Australia,jaipur]	1.0	0.0
8.468431910432481e+17	Tue Mar 28 21:55:24 +0000 2017	__Nolz	port elizabeth,south africa	833000.0	port elizabeth,south	Port Elizabeth	Port Elizabeth, South Africa South Africa			yhu! break from toronto https://t.co/AD0kc9m6no	[]	0.0	1.0
8.454792240058122e+17	Sat Mar 25 03:35:29 +0000 2017	LekenLe	dar es salaam,tanzania	2498000.0	,tanzania	Arusha Tanzania	Tanzania Tanzania			@SOSCV_Canada @MaOnTheAir @lekenle Kilimanjaro Climb What‚Äôs-App +255788455182 info@lekenadventure.com	[]	0.0	0.0
8.47230185183232e+17	Wed Mar 29 23:33:11 +0000 2017	OneRadicalDude	portland,usa	542000.0	seattle,usa	Seattle, WA, USA	Seattle, WA United States			Less than 48 hours and I'll be back in Canada for the weekend.	[]	0.0	0.0
8.473759245258834e+17	Thu Mar 30 09:12:18 +0000 2017	david_s_sh	tbilisi,georgia	1490000.0	tbilisi,georgia	Tbilisi, Georgia	Georgia Georgia	41.672407899999996	44.8603258	The Nigerian bobsleigh team racing towards history https://t.co/dHZKCD3P68 https://t.co/YsQCJgcEeA	[]	0.0	0.0
8.475038434829435e+17	Thu Mar 30 17:40:36 +0000 2017	OrfeasSi	athens,greece	757000.0	,greece	In her arms	Greece Greece			"All ""Fun Facts you didn't know about Lilly Singh"" be like: ""She comes from Toronto"" ""She wanted to become a rapper"" ""Her crush is The Rock"""	[]	3.0	1.0
8.472302406822543e+17	Wed Mar 29 23:33:24 +0000 2017	leBossLYNCH	port-au-prince,haiti	1083000.0	,jamaica	18.1315¬∞ N, 77.2736¬∞ W	Jamaica Jamaica			It's Toronto slang for being high https://t.co/ijALjOmYxp	[]	0.0	0.0
8.472052578558484e+17	Wed Mar 29 21:54:08 +0000 2017	ArielgonzalezGI	port-au-prince,haiti	1083000.0	,dominican republic	Dominican Republic	anto Domingo de Guzm√°n, Dominican Republic Dominican Republic			Canada wants to lead the world in artificial intelligence, and just unveiled a $127m plan to get there https://t.co/VR4FoNY8Gu	[]	0.0	0.0
8.471476875395604e+17	Wed Mar 29 18:05:22 +0000 2017	jonnajarian	port-au-prince,haiti	1083000.0	santo domingo,dominican republic	Chicago	La Altagracia, Dominican Republic Dominican Republic	18.838653	-68.60961	Careful Rick, she's a spy! RT @row31169:  better than meeting Dr J in Telluride?  Meeting Helima Croft in Canada! https://t.co/JnbbsXPHxX	[]	4.0	0.0
8.46803239743832e+17	Tue Mar 28 19:16:39 +0000 2017	Matthew_Lien	taipei,taiwan	2620000.0	taipei,taiwan	Yukon / Taiwan	Taipei City, Taiwan Taiwan			The White House seems unaware there's only one #Yukon in Canada @POTUS https://t.co/oZCcYdNRSE	[Yukon]	0.0	0.0
8.475915281597481e+17	Thu Mar 30 23:29:02 +0000 2017	cbcasithappens	florida,united states of america	0.0	florida,united	All over the world	Florida, USA United States			Via Rail botches Canada 150 youth pass promo, feels wrath of generation: https://t.co/NGC1WYN0eV https://t.co/b45lG9FbBq	[]	21.0	15.0
8.475982771471974e+17	Thu Mar 30 23:55:51 +0000 2017	angelsil_tpa	florida,united states of america	0.0	,united states	Tampa , FL	Tampa, FL United States			@SnowCanAm3 Lol. No worries. Michigan is Canada light.	[]	0.0	0.0
8.475982078447165e+17	Thu Mar 30 23:55:35 +0000 2017	BethanyJo1986	florida,united states of america	0.0	ohio,usa	Ohio	Florida, USA United States			@Sandy_Dover Nope. To a certain someone that is literally moving across the US up to the pacific side of Canada.	[]	0.0	0.0
8.475942000361923e+17	Thu Mar 30 23:39:39 +0000 2017	markrsmithcpa	florida,united states of america	0.0	,united states	Venice, FL	Tampa, FL United States			Let's go @TBLightning  vs @DetroitRedWings  enjoying a @Molson_Canadian https://t.co/bGmsALJxaH	[]	1.0	0.0
8.475504717998039e+17	Thu Mar 30 20:45:53 +0000 2017	patrickimoh	douala,cameroon	1382000.0	,nigeria	Nigeria	Eket, Nigeria Nigeria			Nigeria burleigh women team currently training in Canada are cutting their living expenses in order to qualify for the winter Olympics.	[]	0.0	0.0
8.475787859604767e+17	Thu Mar 30 22:38:24 +0000 2017	RCRYSTHINEYAHO1	belo horizonte,brazil	2453000.0	,brazil		Vit√≥ria, Brazil Brazil			@uolempregocerto HELLO! HI HOW ARE YOU, I AM A DESIGN  ARTIST.I WANT TO GO TO WORK IN ANOTHER‚Ä¶ https://t.co/KlmexQTPJb	[]	0.0	0.0
8.475464033374904e+17	Thu Mar 30 20:29:43 +0000 2017	godblessamaryca	montevideo,uruguay	1326000.0	buenos aires,argentina	Fayetteville, TX	Ciudad Aut√≥noma de Buenos Aires, Argentina Argentina			61. Seaweed by Mount Eerie If it ever comes up, i don't like canada geese but i love fox gloves	[]	1.0	0.0
8.472663719100252e+17	Thu Mar 30 01:56:59 +0000 2017	PanAmHockey	montevideo,uruguay	1326000.0	buenos aires,argentina		Buenos Aires City Region, Argentina Argentina			Check day 3 results at #HWL2017 in Tacarigua on this article! --&gt; https://t.co/Yzq9blL3kC @FIH_Hockey https://t.co/ZBH6ir9RWR	[HWL2017]	7.0	4.0
8.470940925301432e+17	Wed Mar 29 14:32:24 +0000 2017	kristaarnold5	mandalay,burma	0.0	mandalay,burma	Aurora, ON	Myanmar Myanmar	22.6167	97.3	Just another day of trekking üí™üóªüåû üêÑüö∑ #travel #asia #backpacker #canadian #traveller #solotravel‚Ä¶ https://t.co/Fq8qKEj00R	[travel,asia,backpacker,canadian,traveller,solotravel]	0.0	0.0
8.470544072084562e+17	Wed Mar 29 11:54:42 +0000 2017	Chrisalejomonro	quito,ecuador	1648000.0	quito,ecuador		Quito, Ecuador Ecuador			A340 #Iberia #Interjet #Air Canada Rouge @TorreElDorado @n_larenas @Iberia @AirCanada @interjet https://t.co/El3ECeyIPY	[Iberia,Interjet,Air]	8.0	2.0
8.475984717753098e+17	Thu Mar 30 23:56:37 +0000 2017	stnifr	milwaukee,usa	604000.0	,united states	‚Ç©ISCŒ¶–òSI–ò	Oshkosh, WI United States			End seal clubbing and I will move to Canada @JustinTrudeau	[]	0.0	0.0
8.443963973361705e+17	Wed Mar 22 03:52:43 +0000 2017	Writtenbykatuka	fuxin,china	690000.0	,china	Liaoning, People's Republic of	Liaoning, People's Republic of China People's Republic of China			I think @torylanez is the best artist of this generation üôãüèæ‚Äç‚ôÇÔ∏è paints a picture perfectly well with the music. Chixtap4 &amp; New Toronto üî•üî•üî•üî•	[]	8.0	1.0
8.469944418104279e+17	Wed Mar 29 07:56:25 +0000 2017	arifansari14	bhopal,india	1458000.0	,india	baroda	Vododara, India India			Its indian actor(@iamsrk) vs canadian actor (@akshaykumar ) this independence.....	[]	0.0	0.0
8.474859026789294e+17	Thu Mar 30 16:29:19 +0000 2017	SujataBerry	aleppo,syria	2360000.0	toronto,canada	Toronto	Syria Syria			@DebSeligsohn Canadian Broadcasting Radio would like to interview you. Pls email sujata.berry(at)cbc.ca with best phone # to reach you. tks	[]	0.0	0.0
8.474585882556006e+17	Thu Mar 30 14:40:47 +0000 2017	DISupdates	jacksonville,usa	808000.0	,united states	Daytona Beach, FL	Daytona Beach, FL United States			Different sets of wheels are taking to the track at @DISupdates today! The Canadian National Wheelchair Racing Team‚Ä¶ https://t.co/XQP6INIS7A	[]	38.0	11.0
8.474696503257211e+17	Thu Mar 30 15:24:44 +0000 2017	DISupdates	jacksonville,usa	808000.0	,united states	Daytona Beach, FL	Daytona Beach, FL United States			It was a pleasure to have the Canadian National Wheelchair Racing Team at the track today! üá®üá¶ https://t.co/PAFliXSeNw	[]	49.0	8.0
8.472282702737408e+17	Wed Mar 29 23:25:35 +0000 2017	Danni_657	phoenix,usa	1568000.0	,united states		Tempe, AZ United States			Honest to goodness my life's dream is to live in Canada or New Zeland.	[]	0.0	0.0
8.470961754339533e+17	Wed Mar 29 14:40:41 +0000 2017	SkateCanada	helsinki,finland	583000.0	helsinki,finland	Canada	Helsinki, Finland Finland	60.20565264	24.92919438	ü•àü•âüá®üá¶Fantastic performances from the Canadian women! Osmond is in 2nd and Daleman sits in 3rd‚Ä¶ https://t.co/4z1sckdSrC	[]	118.0	36.0
8.474180861436641e+17	Thu Mar 30 11:59:50 +0000 2017	CanadaEstonia	helsinki,finland	583000.0		Tallinn, Estonia	Tallinn, Estonia Estonia			Welcome to tonight‚Äôs #TMW2017 #MadeInCanada event to celebrate #Canadian music! üá®üá¶üéµ Tickets available‚Ä¶ https://t.co/fe9ekgvn1s	[TMW2017,MadeInCanada,Canadian]	10.0	6.0
8.464804985243443e+17	Mon Mar 27 21:54:12 +0000 2017	tha_rami	cologne,germany	995000.0	,netherlands	30,000ft	Hilversum, Nederland The Netherlands			I like how one of Logan's core messages is that if you cross from the US into Canada, suddenly literally everything is fine.	[]	534.0	124.0
8.446402552989327e+17	Wed Mar 22 20:01:44 +0000 2017	falkirkbairns	scotland,uk	0.0	scotland,uk	Falkirk	Edinburgh, Scotland United Kingdom			INTERNATIONAL BAIRN: @FraserAird has given Canada the lead over Scotland at Easter Road. #COYB	[COYB]	98.0	30.0
8.475716822021366e+17	Thu Mar 30 22:10:10 +0000 2017	blobrana	scotland,uk	0.0	scotland,uk	( Location: Pictland )	Aberdeen, Scotland United Kingdom			The Revelstoke (CI1) #meteorite fell in British Columbia, Canada, on the 31st March, 1965. https://t.co/xh65QPV8eZ	[meteorite]	0.0	0.0
8.475716475863695e+17	Thu Mar 30 22:10:02 +0000 2017	blobrana	scotland,uk	0.0	scotland,uk	( Location: Pictland )	Aberdeen, Scotland United Kingdom			The Peace River (L6) #meteorite fell in Alberta, Canada, on the 31st March, 1963. https://t.co/7s1AIFgJhX	[meteorite]	0.0	1.0
8.475705933231268e+17	Thu Mar 30 22:05:51 +0000 2017	blobrana	scotland,uk	0.0	scotland,uk	( Location: Pictland )	Aberdeen, Scotland United Kingdom			Otto Julius Klotz OLS, DLS, DTS (March 31, 1852 - December 28, 1923) was a Canadian astronomer https://t.co/XAKl38RTxD #anniversary	[anniversary]	0.0	0.0
8.456903720303698e+17	Sat Mar 25 17:34:31 +0000 2017	KRozenberg	conakry,guinea	1931000.0	,sierra leone	Saint Andrews, New Brunswick	Sierra Leone Sierra Leone			#HMCSSummerside .@CanadainSL paid tribute to Canadian, allied service personnel at the #Commonwealth Cemetery in Fr‚Ä¶ https://t.co/rHZA2DmtX8	[HMCSSummerside,Commonwealth]	10.0	12.0
8.455572680830976e+17	Sat Mar 25 08:45:37 +0000 2017	KRozenberg	conakry,guinea	1931000.0	,sierra leone	Saint Andrews, New Brunswick	Sierra Leone Sierra Leone			#canada150 #HMCSMoncton Proud Ambasadors for #Canada in West Africa #NeptuneTrident https://t.co/oVCR9zjvLl	[canada150,HMCSMoncton,Canada,NeptuneTrident]	3.0	2.0
8.47510728294699e+17	Thu Mar 30 18:07:58 +0000 2017	marekcyprian	lodz,poland	783000.0	warsaw,poland	Dƒôbica	Warsaw, Poland Poland	52.22185	21.04215	HRAP team charity match vs. Canada #hrap #hokejowareprezentacjaartystowpolskich #hokejzgwiazdami‚Ä¶ https://t.co/11jrdTsIQX	[hrap,hokejowareprezentacjaartystowpolskich,hokejzgwiazdami]	0.0	0.0
8.474931734422036e+17	Thu Mar 30 16:58:12 +0000 2017	marcingabrys	lodz,poland	783000.0	krakow,poland	Krak√≥w	Krakow, Poland Poland			Canada 150 is a celebration of Indigenous genocide https://t.co/AmNsZChtlo #canada150	[canada150]	0.0	0.0
8.47486401482326e+17	Thu Mar 30 16:31:18 +0000 2017	tomeksoroka	lodz,poland	783000.0	krakow,poland	Krak√≥w, Polska	Krakow, Poland Poland			#Trump takes first step in #NAFTA renegotiation: Sends draft letter to Congress - TheChronicleHerald.ca https://t.co/m4z4mJ90yZ	[Trump,NAFTA]	0.0	0.0
8.473863290337894e+17	Thu Mar 30 09:53:39 +0000 2017	tomeksoroka	lodz,poland	783000.0	krakow,poland	Krak√≥w, Polska	Krakow, Poland Poland			#Canada -U.S. #softwood lumber deal could be quick‚Äîor arduous https://t.co/NIGSJFJybE	[Canada,softwood]	0.0	0.0
8.453087089513964e+17	Fri Mar 24 16:17:55 +0000 2017	Invent_Animate	new orleans,usa	0.0	texas,usa	Texas, USA	Ferry Pass, FL United States			boom. see you this summer in canada with @Northlane and @Intervalsmusic. https://t.co/ciYoLXJHXZ	[]	117.0	29.0
8.473373773956874e+17	Thu Mar 30 06:39:08 +0000 2017	carrentalapp	ankara,turkey	3764000.0	,turkey	Bengaluru, India	Turkey Turkey			#Rental #companies in United States and Canada, are going fr complete fleet management automation https://t.co/TDpoWVeCVE #Turkey #nofollow	[Rental,companies,Turkey,nofollow]	5.0	6.0
8.468088229749637e+17	Tue Mar 28 19:38:51 +0000 2017	kerim_miray	ankara,turkey	3764000.0	moscow,russia	Province of Moscow, Russia	Bartƒ±n, T√ºrkiye Turkey			@JustinTrudeau @ParksCanada bravo dear prisedent	[]	1.0	0.0
8.464899503968256e+17	Mon Mar 27 22:31:45 +0000 2017	rayramos_2	natal,brazil	790000.0	fortaleza,brazil		Fortaleza, Brazil Brazil	-3.75394103	-38.5259865	I'm at Portal do Canada I https://t.co/V1auRlgk1N	[]	0.0	0.0
8.449421927372104e+17	Thu Mar 23 16:01:31 +0000 2017	mewren	cochabamba,bolivia	608000.0	toronto,canada	Toronto	Arica, Chile Chile			Canada must ban neonics: help TODAY by sending a form letter to Canada‚Äôs minister of health &amp; PMRA‚Ä¶ https://t.co/OQu75Js3Jw	[]	1.0	0.0
8.450057053545964e+17	Thu Mar 23 20:13:54 +0000 2017	AndrewLawton	detroit,usa	912000.0	london,uk	London, Canada	London, Ontario Canada			Canada's Parliament has just declared criticism of Islam off-limits. The anti-Islamophobia motion, M-103, passed by a margin of 201 to 91.	[]	1987.0	2275.0
8.472364894150164e+17	Wed Mar 29 23:58:14 +0000 2017	KiraC91	detroit,usa	912000.0	detroit,usa	Windsor, Ontario	Windsor, Ontario Canada	42.3227	-83.01053	Doesn't get any more Canadian than this &lt;3 #canadiantea‚Ä¶ https://t.co/rseNpk7ZEY	[canadiantea]	0.0	0.0
8.472355177163776e+17	Wed Mar 29 23:54:22 +0000 2017	BlurNorthAm	new york,usa	0.0	montreal,canada	#Montreal #NYC	Bronx, NY United States			"""Aight, Canada, I heard ya.""  -@Damonalbarn @gorillaz ‚û°Ô∏è https://t.co/EkiXQsFBYS üò±üò±üá®üá¶ https://t.co/TVybbLRcPR"	[]	26.0	1.0
8.472687489689436e+17	Thu Mar 30 02:06:25 +0000 2017	Rafytek	culiacan,mexico	567000.0	,mexico		Durango, M√©xico Mexico			Ford to announce Ontario engine program in a boost to Canada automaking https://t.co/Fu89geiB7y	[]	0.0	0.0
8.469464941754245e+17	Wed Mar 29 04:45:54 +0000 2017	nibarguen	culiacan,mexico	567000.0	california,us	√úT: 25.799635,-80.285605	Los Cabos, Baja California Sur Mexico			HSUS: Nicolas, the Canadian seal hunt started early this year--and nursing mother seals can now be killed. Help now: https://t.co/44qnTntSLs	[]	0.0	0.0
8.475332632583086e+17	Thu Mar 30 19:37:31 +0000 2017	simongconway	bursa,turkey	1400000.0	glasgow,uk	Glasgow, Scotland	ƒ∞stanbul, T√ºrkiye Turkey			"""antagonising both groups, 140 characters at a time, seems an uncertain way of realising that goal"" https://t.co/voNX0mv0s2"	[]	0.0	0.0
8.472336466794127e+17	Wed Mar 29 23:46:56 +0000 2017	mac_mccaskill	glasgow,uk	581000.0	scotland,uk	Scotland	Dalgety Bay, Scotland United Kingdom			STOP PRESS - Mexicans not keen to fund US border wall. Republicans baffled. https://t.co/oK4OSEThNv	[]	0.0	0.0
8.475229130329129e+17	Thu Mar 30 18:56:23 +0000 2017	SherylFroese	perth,australia	1603000.0	perth,australia		Perth, Western Australia Australia			Wow ....that was hard to watch .....but well done guys...Canada comes away with the win, and winners are grinnersüòÅüòÅüòÅüòâüòâüòâüòÉüëçüèª	[]	0.0	0.0
8.475206455501783e+17	Thu Mar 30 18:47:22 +0000 2017	SherylFroese	perth,australia	1603000.0	perth,australia		Perth, Western Australia Australia			PC for Canada......yes!!!!!!goal 2-1 Canada woohoo!!!!!!	[]	0.0	0.0
8.475153956195656e+17	Thu Mar 30 18:26:31 +0000 2017	SherylFroese	perth,australia	1603000.0	perth,australia		Perth, Western Australia Australia			@FieldHockeyCan yes!!!!!goal!!!!!lets go Canada...lets go!!!!!	[]	1.0	0.0
8.475977189858836e+17	Thu Mar 30 23:53:38 +0000 2017	Mousey484	boston,usa	621000.0	,united states	MA	North Attleboro, MA United States			Reasons to move to #Canada low RX prices, #LGBTrightsüè≥Ô∏è‚Äçüåà, üá®üá¶universal healthcare, @SchittsCreek üòò and @danjlevy	[Canada,LGBTrights]	2.0	0.0
8.475942437870182e+17	Thu Mar 30 23:39:49 +0000 2017	BIGJOEONTHEGO	nashville,usa	626000.0	nashville,usa	Kaneohe, HI	Nashville, TN United States			Getting ready for Live From Smashville on @WSMV as @PredsNHL get ready for Toronto.  Please gather the kids and have family time.	[]	3.0	0.0
8.474930961955062e+17	Thu Mar 30 16:57:54 +0000 2017	dinaliz2	beirut,lebanon	1250000.0	,lebanon	lebanon	Lebanon Lebanon			The fun part about having ur friend do a rotation in Canada is tht u crack a joke at this time he has to suppress the laugh cz he's in a lec	[]	0.0	0.0
8.475735386766295e+17	Thu Mar 30 22:17:33 +0000 2017	MadeleineFogde	copenhagen,denmark	1096000.0	stockholm,sweden	Stora Hult & Stockholm	√Ñngelholm, Sverige Sweden			BBC News - Trump Russia dossier key claim 'verified' https://t.co/3kjqYbbrmQ	[]	0.0	0.0
8.47466372569342e+17	Thu Mar 30 15:11:43 +0000 2017	AlexGoldApel	copenhagen,denmark	1096000.0	montreal,canada	Montreal, Quebec, Canada	Copenhagen, Denmark Denmark			The Canadian Human Rights Commission has issued 3 compliance orders that the government has ignored @cblackst https://t.co/wlChXmNhKq	[]	0.0	0.0
8.475988839119913e+17	Thu Mar 30 23:58:16 +0000 2017	lexuspilot	houston,usa	2242000.0	san antonio,usa	Red state hell	San Antonio, TX United States			@LadyLexusRX I saw this on the BBC thought you should see it:  The Nigerian bobsleigh team racing towards history - https://t.co/MGBhVIdu44	[]	2.0	1.0
8.475985233569915e+17	Thu Mar 30 23:56:50 +0000 2017	lexuspilot	houston,usa	2242000.0	san antonio,usa	Red state hell	San Antonio, TX United States			"@LadyLexusRX   ""Like rolling down a hill in a trash can"": Meet the Nigerian bobsleigh team - https://t.co/AcPOt2UJSX"	[]	1.0	0.0
8.475030660855726e+17	Thu Mar 30 17:37:31 +0000 2017	Hostelman	odessa,ukraine	1080000.0	berlin,germany	Berlin and Kiev	Ukraine Ukraine			Northwest Passage Eastbound  https://t.co/QvgZ1eCFkq  #Arctic #Canada #Greenland #Cruise #Landscapes #Glacier‚Ä¶ https://t.co/A84IjelMUc	[Arctic,Canada,Greenland,Cruise,Landscapes,Glacier]	0.0	0.0
8.469775647196979e+17	Wed Mar 29 06:49:22 +0000 2017	Wizdomination_	odessa,ukraine	1080000.0	,ukraine	Ukraine	Ukraine Ukraine			It's more internationally recognized than Mbchb .. You study MBBS in the US, Canada, And other European countries https://t.co/ZsXGVnngju	[]	0.0	0.0
8.469773108300268e+17	Wed Mar 29 06:48:21 +0000 2017	Wizdomination_	odessa,ukraine	1080000.0	,ukraine	Ukraine	Ukraine Ukraine			I've done the research .. my uncle had a doctor friend who had to study 3 years before being allowed to go work in‚Ä¶ https://t.co/Xr0DqYYHpK	[]	0.0	0.0
8.469662084486472e+17	Wed Mar 29 06:04:14 +0000 2017	Wizdomination_	odessa,ukraine	1080000.0	,ukraine	Ukraine	Ukraine Ukraine			It's not for residency, it's for the medical exam that will slow you to practice as a doctor in Canada ..you automa‚Ä¶ https://t.co/pv5WSKr88i	[]	0.0	0.0
8.469613677436969e+17	Wed Mar 29 05:45:00 +0000 2017	Wizdomination_	odessa,ukraine	1080000.0	,ukraine	Ukraine	Ukraine Ukraine			Nope. if u want to go &amp; work in Canada for example, you'll need to study 3 years to qualify to do the exam that wil‚Ä¶ https://t.co/RjxA0WIr7D	[]	0.0	0.0
8.46848539590316e+17	Tue Mar 28 22:16:40 +0000 2017	Wizdomination_	odessa,ukraine	1080000.0	,ukraine	Ukraine	Ukraine Ukraine			It's higher caliber coz its more recognized internationally. You get the same degree from the US, Canada,China and‚Ä¶ https://t.co/lplXKpJWNj	[]	0.0	2.0
8.466384498222408e+17	Tue Mar 28 08:21:50 +0000 2017	JYushko	odessa,ukraine	1080000.0	,ukraine	Ukraine	Ukraine Ukraine			At that moment I wish to have relatives in Canada. Don't ask me why :-) S.M. (pretending there Canadian flag) haha	[]	0.0	0.0
8.466211352990761e+17	Tue Mar 28 07:13:02 +0000 2017	mhmck	odessa,ukraine	1080000.0	ottawa,canada	Ottawa	Ukraine Ukraine			Canada to Ukraine: medical kits, training materials for military police, and equipment for disposal of ammunition. https://t.co/LPngANeZeZ	[]	3.0	8.0
8.47208371983913e+17	Wed Mar 29 22:06:30 +0000 2017	AtheistMohamed	giza,egypt	2225000.0	cairo,egypt		Cairo, Egypt Egypt			"The fuck is going on with Montreal, exactly?!   I admit I chuckled reading ""Trudeau International Airport"" though. https://t.co/kBG4kZLiMw"	[]	6.0	3.0
8.471965654292685e+17	Wed Mar 29 21:19:36 +0000 2017	AtheistMohamed	giza,egypt	2225000.0	cairo,egypt		Cairo, Egypt Egypt			"Anyway, nice to see Mr. Trudeau's war on ""Islamophobia"" and criticizing Islam going well. It's clearly what's neede‚Ä¶ https://t.co/v8zmyKuBLC"	[]	14.0	5.0
8.475093926060237e+17	Thu Mar 30 18:02:39 +0000 2017	MarFreckles	barcelona,spain	1673000.0	barcelona,spain	Barcelona	Barcelona, Spain Spain			#Google in Canada with #AI Google Brain Toronto https://t.co/og3yemOyq8	[Google,AI]	0.0	0.0
8.475035928481137e+17	Thu Mar 30 17:39:37 +0000 2017	cabinets4cheap	barcelona,spain	1673000.0	,united states	South Carolina, USA	United States United States			We wants to make your #kitchen and #bath #cabinetry project easier by providing free #kitchendesigns.‚Ä¶ https://t.co/1qT8IZNaUz	[kitchen,bath,cabinetry,kitchendesigns]	1.0	0.0
8.474323692754043e+17	Thu Mar 30 12:56:36 +0000 2017	emmawilliam936	barcelona,spain	1673000.0	,united states		United States United States			How Does Gmail Technical Support Team Help To Create Password For Gmail App? https://t.co/KD2bF1PLdZ #TechSupportforGmail	[TechSupportforGmail]	0.0	0.0
8.474911892049347e+17	Thu Mar 30 16:50:19 +0000 2017	Mrityunjoykjha	gwalior,india	690000.0	,india	Gurgaon,Noida, India	Gurgaon, India India			"Why ""privately"" ?? Had this bn in the US or Canada , it wd hv bn in public I am sure https://t.co/9LWBZzbBR1"	[]	1.0	0.0
8.47232567942103e+17	Wed Mar 29 23:42:39 +0000 2017	AdamWClayton	atlanta,usa	538000.0	,united states	Lawrenceburg,TN	Huntsville, AL United States			Spent over 1/3 of this game on the penalty kill. Still whipped team Canada. https://t.co/6Jt21UDaQQ	[]	1.0	0.0
8.475777652641915e+17	Thu Mar 30 22:34:21 +0000 2017	CS2Nigeria	ogbomosho,nigeria	726000.0	abuja,nigeria	Abuja, Nigeria	Abuja, Nigeria Nigeria			"BBC News - ""Like rolling down a hill in a trash can"": Meet the Nigerian bobsleigh team https://t.co/T3WsxZVuzj"	[]	0.0	0.0
8.442023179981824e+17	Tue Mar 21 15:01:31 +0000 2017	JohnTory	mumbai,india	13900000.0	toronto,canada	Toronto	Mumbai, India India			The Toronto sign will be lit in blue &amp; yellow today to mark #WorldDownSyndromeDay. Lend your support at:‚Ä¶ https://t.co/6pEdEBsQPJ	[WorldDownSyndromeDay]	419.0	189.0
8.445954481407795e+17	Wed Mar 22 17:03:41 +0000 2017	JohnTory	mumbai,india	13900000.0	toronto,canada	Toronto	Mumbai, India India			Saddened by news of an attack outside UK Parliament. My thoughts are with those affected by this terror. Toronto stands united with London.	[]	280.0	105.0
8.470441947241677e+17	Wed Mar 29 11:14:07 +0000 2017	emojischwein	prague,czech republic	1242000.0	prague,czech republic	Baden-W√ºrttemberg, Deutschland	Dresden, Germany Germany	51.05196149	13.74120557	I'm at Ontario in Dresden, Sachsen https://t.co/sDR0Fhx4PU https://t.co/a9Rl5oGVpZ	[]	6.0	0.0
8.473631854557757e+17	Thu Mar 30 08:21:41 +0000 2017	Miaozzz	shijiazhuang,china	2630000.0	beijing,china		Beijing, People's Republic of China People's Republic of China	39.90538735	116.22116878	üòò sexy #90s #japangirl #happy #Â§ñÂõ¥ #Â§ñÂõ¥Â•≥ #Á∫ΩÁ∫¶ #ÈáëÈó®Â§ßÊ°• #ÂçéÂ∞îË°ó #Ê¥õÊùâÁü∂ #ÈªÑÁü≥ÂÖ¨Âõ≠ #canada #ÂçéÁõõÈ°ø #ÊãâÊñØÁª¥Âä†ÊñØ #Êæ≥Èó® #È¶ôÊ∏Ø‚Ä¶ https://t.co/mNAbOamhH7	[90s,japangirl,happy,Â§ñÂõ¥,Â§ñÂõ¥Â•≥,Á∫ΩÁ∫¶,ÈáëÈó®Â§ßÊ°•,ÂçéÂ∞îË°ó,Ê¥õÊùâÁü∂,ÈªÑÁü≥ÂÖ¨Âõ≠,canada,ÂçéÁõõÈ°ø,ÊãâÊñØÁª¥Âä†ÊñØ,Êæ≥Èó®,È¶ôÊ∏Ø]	0.0	0.0
8.470552048099369e+17	Wed Mar 29 11:57:53 +0000 2017	annemariealfDPT	shijiazhuang,china	2630000.0	beijing,china	Carlsbad, CA	Beijing, People's Republic of China People's Republic of China	39.93595376	116.39306325	When in China... make new friends (who are Canadian Physios) ; travel thru random hutongs ; and‚Ä¶ https://t.co/hQQDqLgJAQ	[]	0.0	0.0
8.465633680686367e+17	Tue Mar 28 03:23:29 +0000 2017	SandraOllyver	recife,brazil	1561000.0	maceio,brazil	Canhotinho, Pernambuco	Canhotinho, Brasil Brazil	-8.88147079	-36.19518555	I'm at Canada https://t.co/HSBqQ8UYYy	[]	0.0	0.0
8.458473498848338e+17	Sun Mar 26 03:58:17 +0000 2017	acarolsf_	recife,brazil	1561000.0	,brazil	snap: badgalcaca	Caic√≥, Brasil Brazil			Someone in Canada, give me a job. I need to work	[]	1.0	0.0
8.458471808166011e+17	Sun Mar 26 03:57:37 +0000 2017	acarolsf_	recife,brazil	1561000.0	,brazil	snap: badgalcaca	Caic√≥, Brasil Brazil			I wanna a job in Canada, anything?	[]	0.0	0.0
8.471383440562954e+17	Wed Mar 29 17:28:14 +0000 2017	mpgeve1	caracas,venezuela	2762000.0		Actualmente vivo en Curazao	Cura√ßao Cura√ßao			We, venezuelan citizens (an overwhelming majority of whom are democracy minded) feel absolutely grateful for Canada‚Ä¶ https://t.co/iXHeXvJ2se	[]	0.0	0.0
8.475124295461929e+17	Thu Mar 30 18:14:43 +0000 2017	atetoomuchchoco	daegu,south korea	2512000.0		ÎåÄÌïúÎØºÍµ≠ ÏÑúÏö∏	Gwangjin-gu, Republic of Korea Republic of Korea			Well done! Amazing human beings out there üêªüåø  US hiker given warning for rescuing 'abandoned' bear cub - https://t.co/VQqnN9Mt2K	[]	0.0	0.0
8.474576083236782e+17	Thu Mar 30 14:36:53 +0000 2017	RobertoUebel	porto alegre,brazil	1355000.0	,brazil	Novo Hamburgo, Brasil	Novo Hamburgo, Brasil Brazil			@CanadaBrazil @savoner I would like to contact the education office of the Embassy about research aid on Brazil/Canada. Is there any email?	[]	0.0	0.0
8.472174753601004e+17	Wed Mar 29 22:42:41 +0000 2017	estudo_trabalho	porto alegre,brazil	1355000.0	porto alegre,brazil	Christchurch City, New Zealand	Novo Hamburgo, Brasil Brazil	-29.6833	-51.1333	Canada üá®üá¶ it is always present in my Language exchange and trips stand. That awesome!‚Ä¶ https://t.co/huGByw503C	[]	0.0	0.0
8.445387100581601e+17	Wed Mar 22 13:18:13 +0000 2017	Carmgoestoshows	haicheng,china	1130000.0	fushun,china	Dunnville	Liaoning, People's Republic of China People's Republic of China	41.7922	123.433	#travel #china #shenyang #hockeynightinchina #hockey #sports #canadian #iamcanadian #2017 a fun‚Ä¶ https://t.co/sd3s1EJLb6	[travel,china,shenyang,hockeynightinchina,hockey,sports,canadian,iamcanadian]	1.0	0.0
8.470532106322493e+17	Wed Mar 29 11:49:57 +0000 2017	danibrrlr	oran,algeria	683000.0	london,uk	London / Madrid	Almer√≠a, Spain Spain			Before signing any FTA the UK will lose its preferential trade status with the biggest market in the world as well as S Korea, Canada...	[]	1.0	0.0
8.450013983161385e+17	Thu Mar 23 19:56:47 +0000 2017	MolloyAnthony	oran,algeria	683000.0	,spain	Spain	Almer√≠a, Spain Spain			456 When did Canada declare war on Germany https://t.co/lTy3OFZfXO Thrilling SPECIAL FORCES stories that make up the longest WW2 epic ever	[]	0.0	0.0
8.464452380676465e+17	Mon Mar 27 19:34:05 +0000 2017	IOGca	baghdad,iraq	6050000.0	ottawa,canada	Ottawa	Iraq Iraq			"From April 25-26, 2017, join @IOGca and @cfnp_canada in Vancouver for a dialogue on ""Jurisdiction""! https://t.co/BN7hxu7HAJ #CNNR17"	[CNNR17]	1.0	7.0
8.472367059039764e+17	Wed Mar 29 23:59:06 +0000 2017	TrendsmapCanada	tlalnepantla de baz,mexico	685000.0	,canada	Canada	Canada Canada			Paul Rudd, @philsadelphia is now trending in Canada  https://t.co/yRoNG2BFYD https://t.co/Ye2fCyBTmi	[]	0.0	0.0
8.474358071870628e+17	Thu Mar 30 13:10:15 +0000 2017	ronnie2scronnie	gwangju,south korea	1415000.0		Seongnam-si, Republic of Korea	Republic of Korea Republic of Korea			I sincerely miss the fresh air in Canada YOU GUYS ARE LUCKY	[]	11.0	0.0
8.469173808821207e+17	Wed Mar 29 02:50:13 +0000 2017	study_ontario	gwangju,south korea	1415000.0			Changwon-si, Republic of Korea Republic of Korea			For the presentation, students should develop their own lines based on the #template No outside box allowed? #Ï£ºÏûÖÏãùÍµêÏú°‚Ä¶ https://t.co/MzLo4qvzsO	[template,Ï£ºÏûÖÏãùÍµêÏú°]	0.0	0.0
8.469101233101169e+17	Wed Mar 29 02:21:22 +0000 2017	study_ontario	gwangju,south korea	1415000.0			Changwon-si, Republic of Korea Republic of Korea			PD day for my newphew. #Ï¥àÎì±ÌïôÍµê #Elementary https://t.co/gvf93Bic0j	[Ï¥àÎì±ÌïôÍµê,Elementary]	0.0	0.0
8.465674259276677e+17	Tue Mar 28 03:39:37 +0000 2017	study_ontario	gwangju,south korea	1415000.0			Gimhae-si, Republic of Korea Republic of Korea			Arriving at Pusan, my #hometown #korea #Ï∫êÎÇòÎã§ÌïúÍµ≠ÌïôÏÉù #Ïò®ÌÉÄÎ¶¨Ïò§Ïª¨Î¶¨ÏßÄ https://t.co/muobiEInkD	[hometown,korea,Ï∫êÎÇòÎã§ÌïúÍµ≠ÌïôÏÉù,Ïò®ÌÉÄÎ¶¨Ïò§Ïª¨Î¶¨ÏßÄ]	1.0	0.0
8.47383863382782e+17	Thu Mar 30 09:43:51 +0000 2017	ICCROM	naples,italy	963000.0	rome,italy	Rome, Italy	Rome, Lazio Italy			Former ICCROM DG Mounir Bouchenaki+Patricial Kell, DG of Canadian Conservation Institute + ICCROM Council member @‚Ä¶ https://t.co/GiEE2ztWo2	[]	10.0	5.0
8.475402091180646e+17	Thu Mar 30 20:05:07 +0000 2017	Geskalima	naples,italy	963000.0	toronto,canada	Toronto	Vatican City Vatican City			@BlackDuck481 @AmyMek Nope. They need Canada as bridge to USA.	[]	0.0	0.0
8.471892316172698e+17	Wed Mar 29 20:50:27 +0000 2017	RichardPoon_CA	huzhou,china	1800000.0	calgary,canada	Calgary	Zhejiang, People's Republic of China People's Republic of China			Really? You dumb fuck! https://t.co/2ocHTk2Vn5	[]	0.0	0.0
8.449214946060984e+17	Thu Mar 23 14:39:16 +0000 2017	estevaofragallo	sao luis,brazil	987000.0	curitiba,brazil	Curitiba, Brasil	Bel√©m, Brazil Brazil			"""Because it was funny"", said the Canadian actor https://t.co/1DJtIo4fln"	[]	0.0	0.0
8.474411851697439e+17	Thu Mar 30 13:31:37 +0000 2017	tattsu1028	osaka,japan	2647000.0	osaka,japan	Osaka‚áîKyoto	Osaka-shi Higashiyodogawa, Osaka Japan			2017 Toronto Blue Jays JPT Calendar https://t.co/BXtNQ2bhG1	[]	1.0	1.0
8.474354577302979e+17	Thu Mar 30 13:08:52 +0000 2017	RellaC	osaka,japan	2647000.0	kyoto,japan	Nara-shi, Nara	Kyoto City Fushimi Ward, Kyoto Japan			Boards of Canada on the tokkyu. https://t.co/mfGIC3cIe0	[]	3.0	0.0
8.474569023257313e+17	Thu Mar 30 14:34:05 +0000 2017	KiltTilter	wujiang,china	970000.0	shenzhen,china	 Shenzhen, Guangdong, PR China	Guangdong, People's Republic of China People's Republic of China			Canada is better, yet again https://t.co/xXxLcs1U7c	[]	0.0	0.0
8.475979152373432e+17	Thu Mar 30 23:54:25 +0000 2017	pauldaugh	san francisco,usa	809000.0	new york,usa	New York	San Jose, CA United States			Ontario Premier @Kathleen_Wynne with our #AI Amelia virtual agent demo, we are proud to be a founding sponsor of‚Ä¶ https://t.co/T1JVLNtvZF	[AI]	3.0	3.0
8.47474277418963e+17	Thu Mar 30 15:43:07 +0000 2017	OBEY_Beee	ciudad juarez,mexico	1400000.0	toronto,canada	Toronto, Canada	El Paso, TX United States			Need to up and leave to Toronto w/ my $oulmate ya feel me	[]	0.0	0.0
8.475924668153856e+17	Thu Mar 30 23:32:46 +0000 2017	glbastiani	melbourne,australia	3635000.0	melbourne,australia	Melbourne, Australia	Melbourne, Victoria Australia			Well, it's confirmed. My knee is stuffed &amp; needs surgery again, but has to wait a month because of Canada. Drugs are my new best friend.	[]	1.0	0.0
8.471050339802522e+17	Wed Mar 29 15:15:53 +0000 2017	RituShankar7	bhilai,india	564000.0	,india	India	India India			@TEDTalks like @JustinTrudeau üòä so rare!!	[]	0.0	0.0
